监测点编码	监测点名称	城市	经度（原）	纬度（原）	bdx	bdy
1001A	万寿西宫	北京	116.366	39.8673	116.378718	39.874726
1002A	定陵	北京	116.17	40.2865	116.182638	40.294075
1003A	东四	北京	116.434	39.9522	116.446779	39.959408
1004A	天坛	北京	116.434	39.8745	116.446794	39.881713
1005A	农展馆	北京	116.473	39.9716	116.485697	39.978722
1006A	官园	北京	116.361	39.9425	116.373718	39.94982
1007A	海淀区万柳	北京	116.315	39.9934	116.327705	40.000509
1008A	顺义新城	北京	116.72	40.1438	116.732603	40.150954
1009A	怀柔镇	北京	116.644	40.3937	116.656299	40.40115
1010A	昌平镇	北京	116.23	40.1952	116.242663	40.202213
1011A	奥体中心	北京	116.407	40.0031	116.419682	40.010785
1012A	古城	北京	116.225	39.9279	116.237641	39.934834
1013A	市监测中心	天津	117.151	39.097	117.163921	39.103969
1014A	南口路	天津	117.193	39.173	117.205896	39.179892
1015A	勤俭路	天津	117.145	39.1654	117.157933	39.172537
1016A	南京路	天津	117.184	39.1205	117.196939	39.127261
1017A	大直沽八号路	天津	117.237	39.1082	117.249649	39.11553
1018A	前进路	天津	117.202	39.0927	117.214795	39.099677
1019A	北辰科技园区	天津	117.1837	39.2133	117.196632	39.220107
1020A	天山路	天津	117.269	39.1337	117.281842	39.140615
1021A	跃进路	天津	117.307	39.0877	117.31994	39.094453
1023A	第四大街	天津	117.707	39.0343	117.719687	39.041553
1024A	永明路	天津	117.457	38.8394	117.469869	38.84657
1025A	航天路	天津	117.401	39.124	117.41417	39.130903
1026A	汉北路	天津	117.764	39.1587	117.776935	39.165419
1027A	团泊洼	天津	117.157	38.9194	117.169952	38.926168
1028A	化工学校	石家庄				
1029A	职工医院	石家庄	114.4548	38.0513	114.467464	38.05828
1030A	高新区	石家庄	114.6046	38.0398	114.616783	38.046581
1031A	西北水源	石家庄	114.5019	38.1398	114.514415	38.146474
1032A	西南高教	石家庄	114.4586111	38.00583333	114.47121	38.012857
1033A	世纪公园	石家庄	114.5330556	38.01777778	114.545559	38.024008
1034A	人民会堂	石家庄	114.5214	38.0524	114.533956	38.058736
1035A	封龙山	石家庄	114.3541	37.9097	114.366747	37.916873
1036A	供销社	唐山	118.1662	39.6308	118.179028	39.638191
1037A	雷达站	唐山	118.144	39.643	118.157004	39.650081
1038A	物资局	唐山	118.1853	39.6407	118.197978	39.648331
1039A	陶瓷公司	唐山	118.2185	39.6679	118.23115	39.675254
1040A	十二中	唐山	118.1838	39.65782	118.196474	39.665439
1041A	小山	唐山	118.1997	39.6295	118.212335	39.637122
1042A	北戴河环保局	秦皇岛	119.5259	39.8283	119.538239	39.835803
1043A	第一关	秦皇岛	119.7624	40.0181	119.774694	40.025728
1044A	监测站	秦皇岛	119.6023	39.9567	119.614588	39.963777
1045A	市政府	秦皇岛	119.607	39.9358	119.619239	39.94296
1046A	建设大厦	秦皇岛	119.5369	39.9419	119.549259	39.949218
1047A	环保局	邯郸	114.5129	36.61763	114.525292	36.623633
1048A	东污水处理厂	邯郸	114.5426	36.6164	114.554934	36.622163
1049A	矿院	邯郸	114.5035	36.5776	114.515841	36.583761
1050A	丛台公园	邯郸	114.4965	36.61981	114.508869	36.626148
1051A	游泳馆	保定	115.493	38.8632	115.50582	38.869668
1052A	华电二区	保定	115.5223	38.8957	115.53493	38.902428
1053A	接待中心	保定	115.4713	38.9108	115.48417	38.91758
1054A	地表水厂	保定	115.4612	38.8416	115.473998	38.848534
1055A	胶片厂	保定	115.442	38.8756	115.454779	38.882866
1056A	监测站	保定	115.5214	38.8707	115.534014	38.877392
1057A	人民公园	张家口	114.8985	40.8367	114.911256	40.843708
1058A	探机厂	张家口	114.892	40.79481	114.904733	40.801771
1059A	五金库	张家口	114.8814	40.8115	114.894133	40.818555
1060A	世纪豪园	张家口	114.9032	40.7688	114.9159	40.775772
1061A	北泵房	张家口	114.904	40.8725	114.916718	40.879564
1062A	铁路	承德	117.9664	40.9161	117.979139	40.92394
1063A	中国银行	承德	117.9525	40.9843	117.965183	40.992239
1064A	开发区	承德	117.963	40.9359	117.975738	40.943789
1065A	文化中心	承德	117.8184	40.9733	117.83126	40.981178
1066A	离宫	承德	117.9384	41.0112	117.951082	41.019023
1067A	药材公司	廊坊	116.6838	39.5178	116.696337	39.524605
1068A	开发区	廊坊	116.7729	39.5747	116.785363	39.582065
1069A	环境监测监理中心	廊坊	116.715	39.5571	116.727539	39.564097
1070A	北华航天学院	廊坊	116.7464	39.5343	116.758835	39.541802
1071A	沧县城建局	沧州	116.8854	38.2991	116.897559	38.305897
1072A	电视转播站	沧州	116.8584	38.3254	116.870601	38.33217
1073A	市环保局	沧州	116.8709	38.3228	116.883052	38.329661
1074A	电机北厂	衡水	115.6951	37.7575	115.707479	37.764343
1075A	市监测站	衡水	115.6426	37.7379	115.654952	37.744469
1076A	市环保局	衡水	115.6906	37.739	115.702963	37.745909
1077A	达活泉	邢台	114.4821	37.0967	114.494519	37.103584
1078A	邢师高专	邢台	114.5261	37.0533	114.538507	37.059389
1079A	路桥公司	邢台	114.5331	37.0964	114.54553	37.102481
1080A	市环保局	邢台	114.4854	37.062	114.497782	37.068813
1081A	尖草坪	太原	112.522	37.8873	112.534879	37.893858
1082A	涧河	太原	112.573	37.9103	112.585695	37.91696
1083A	上兰	太原	112.434	38.0108	112.447051	38.017924
1084A	晋源	太原	112.469	37.7124	112.482109	37.719077
1085A	小店	太原	112.5583	37.7394	112.570958	37.746257
1086A	桃园	太原	112.5369	37.8692	112.549656	37.875969
1087A	坞城	太原	112.57	37.8195	112.582699	37.826231
1088A	南寨	太原	112.549	37.9854	112.561702	37.992232
1089A	金胜	太原	112.488	37.7805	112.501093	37.78688
1090A	呼市一监	呼和浩特	111.651	40.7579	111.664332	40.764812
1091A	小召	呼和浩特	111.658	40.8033	111.671373	40.810275
1092A	兴松小区	呼和浩特	111.659	40.8452	111.672387	40.852218
1093A	糖厂	呼和浩特	111.608	40.8144	111.621083	40.821889
1094A	如意水处理厂	呼和浩特	111.751	40.8369	111.76449	40.844218
1095A	二十九中	呼和浩特	111.7277	40.8062	111.741024	40.813857
1096A	工大金川校区	呼和浩特	111.551	40.7866	111.564258	40.793661
1097A	化肥厂生活区	呼和浩特	111.717	40.7612	111.730247	40.768889
1098A	森林路	沈阳	123.6836	41.9339	123.696002	41.942089
1099A	浑南东路	沈阳	123.535	41.7561	123.547439	41.763897
1100A	新秀街	沈阳	123.439	41.7089	123.451637	41.717217
1101A	沧海路	沈阳	123.284	41.7694	123.296484	41.777368
1102A	东陵路	沈阳	123.542	41.8336	123.554406	41.841408
1103A	陵东街	沈阳	123.428	41.8472	123.440725	41.855357
1104A	文化路	沈阳	123.41	41.765	123.42278	41.773088
1105A	小河沿	沈阳	123.478	41.7775	123.490415	41.7862
1106A	太原街	沈阳	123.3997	41.7972	123.412461	41.805383
1107A	南十东路	沈阳	123.3606	41.7806	123.373085	41.789369
1108A	京沈街	沈阳	123.3783	41.9228	123.390921	41.931347
1109A	甘井子	大连	121.6119444	38.97388889	121.623495	38.980339
1110A	周水子	大连	121.565	38.95111111	121.576374	38.958244
1111A	星海三站	大连	121.5638889	38.885	121.575272	38.892112
1112A	青泥洼桥	大连	121.6330556	38.91194444	121.644611	38.918536
1113A	傅家庄	大连	121.625	38.86388889	121.63654	38.87033
1114A	七贤岭	大连	121.5180556	38.85611111	121.529698	38.862849
1115A	旅顺	大连	121.2588889	38.80805556	121.270693	38.814599
1116A	金州	大连	121.7481	39.1311	121.759866	39.13792
1117A	开发区	大连	121.7769	39.0511	121.788467	39.058352
1118A	双D港	大连	121.9769	39.0631	121.988492	39.069726
1119A	食品厂	长春	125.323	43.9167	125.336138	43.924777
1120A	客车厂	长春	125.287	43.91	125.29983	43.918626
1121A	邮电学院	长春	125.2786	43.84	125.2914	43.84874
1122A	劳动公园	长春	125.3649	43.8748	125.378	43.883322
1123A	园林处	长春	125.325	43.8694	125.338133	43.877486
1124A	净月潭	长春	125.454	43.7878	125.467189	43.795935
1125A	甩湾子	长春	125.633	43.55	125.645454	43.558699
1126A	经开区环卫处	长春	125.417	43.8667	125.430104	43.875345
1127A	高新区管委会	长春	125.25	43.8167	125.262854	43.825197
1128A	岱山公园	长春	125.217	43.85	125.230041	43.858002
1129A	岭北	哈尔滨	126.542	45.755	126.554657	45.762643
1130A	松北商大	哈尔滨	126.561	45.8167	126.573474	45.824562
1131A	阿城会宁	哈尔滨	126.979	45.5422	126.991651	45.550384
1132A	南岗学府路	哈尔滨	126.599	45.7222	126.611283	45.730494
1133A	太平宏伟公园	哈尔滨	126.689	45.7733	126.701576	45.781438
1134A	道外承德广场	哈尔滨	126.635	45.7667	126.647546	45.774439
1135A	香坊红旗大街	哈尔滨	126.685	45.7319	126.697594	45.739966
1136A	动力和平路	哈尔滨	126.646	45.7258	126.658612	45.733425
1137A	道里建国路	哈尔滨	126.593	45.7478	126.605298	45.756105
1138A	平房东轻厂	哈尔滨	126.615	45.61	126.627352	45.618133
1139A	呼兰师专	哈尔滨	126.6106	45.9819	126.622988	45.990001
1140A	省农科院	哈尔滨	126.6206	45.6842	126.632979	45.692207
1141A	普陀	上海	121.4	31.238	121.411201	31.242077
1142A	十五厂	上海	121.478	31.2036	121.48907	31.207416
1143A	虹口	上海	121.467	31.3008	121.478046	31.304876
1144A	徐汇上师大	上海	121.412	31.1654	121.423098	31.169655
1145A	杨浦四漂	上海	121.536	31.2659	121.546764	31.269986
1146A	青浦淀山湖	上海	120.978	31.0935	120.988772	31.097487
1147A	静安监测站	上海	121.425	31.2261	121.43608	31.230572
1148A	浦东川沙	上海	121.703	31.1907	121.713824	31.194678
1149A	浦东新区监测站	上海	121.533	31.2284	121.543806	31.232431
1150A	浦东张江	上海	121.577	31.2071	121.587683	31.211063
1151A	迈皋桥	南京	118.803	32.1083	118.814588	32.112531
1152A	草场门	南京	118.749	32.0572	118.760815	32.060909
1153A	山西路	南京	118.778	32.0723	118.789675	32.076482
1154A	中华门	南京	118.777	32.0144	118.788636	32.018572
1155A	瑞金路	南京	118.803	32.0314	118.814578	32.035647
1156A	玄武湖	南京	118.795	32.0775	118.806616	32.081789
1157A	浦口	南京	118.626	32.0878	118.637628	32.091295
1158A	奥体中心	南京	118.737	32.0092	118.748798	32.012816
1159A	仙林大学城	南京	118.907	32.105	118.918442	32.1091
1160A	上方山	苏州	120.561	31.2472	120.571753	31.250938
1161A	南门	苏州	120.628	31.2864	120.638681	31.290184
1162A	彩香	苏州	120.591	31.3019	120.601571	31.306064
1163A	轧钢厂	苏州	120.596	31.3264	120.606588	31.330589
1164A	吴中区	苏州	120.613	31.2703	120.623609	31.274332
1165A	苏州新区	苏州	120.543	31.2994	120.553837	31.302941
1166A	苏州工业园区	苏州	120.669	31.3097	120.679823	31.313326
1167A	相城区	苏州	120.641	31.3708	120.651792	31.374422
1168A	南郊	南通	120.913	31.96	120.9238	31.96362
1169A	虹桥	南通	120.86	32.0005	120.870714	32.004466
1170A	城中	南通	120.87	32.02	120.880748	32.02376
1171A	星湖花园	南通	120.94	31.93	120.950702	31.934126
1172A	紫琅学院	南通	120.81	32.0417	120.820841	32.045724
1173A	市环境监测站	连云港	119.176	34.5885	119.188098	34.593691
1174A	洪门派出所	连云港	119.141	34.5896	119.153138	34.594976
1175A	墟沟核电专家村	连云港	119.368	34.7507	119.380182	34.756027
1176A	开发区恒瑞医药公司	连云港	119.348	34.6984	119.360267	34.703313
1177A	黄河新村	徐州	117.167	34.2761	117.179394	34.280591
1178A	淮塔	徐州	117.192	34.2417	117.204342	34.246256
1179A	铜山兽医院	徐州	117.192	34.3083	117.204321	34.312876
1180A	新城区	徐州	117.256	34.2153	117.268193	34.220148
1181A	桃园路	徐州	117.244	34.2911	117.256117	34.296128
1182A	农科院	徐州	117.2933	34.2778	117.305673	34.282199
1183A	铜山区环保局	徐州	117.166	34.1806	117.17838	34.185063
1184A	城东财政所	扬州	119.46	32.3878	119.471967	32.391507
1185A	市监测站	扬州	119.404	32.41	119.415915	32.414445
1186A	邗江监测站	扬州	119.389	32.3761	119.400877	32.380561
1187A	第四医院	扬州	119.439	32.4033	119.451013	32.407152
1188A	雪浪	无锡	120.269	31.4867	120.280108	31.490693
1189A	黄巷	无锡	120.275	31.6219	120.286135	31.625799
1190A	曹张	无锡	120.294	31.56	120.30519	31.563733
1191A	漆塘	无锡	120.242	31.5031	120.253001	31.507492
1192A	东亭	无锡	120.354	31.5848	120.365108	31.589368
1193A	旺庄	无锡	120.354	31.5475	120.365074	31.552057
1194A	荣巷	无锡	120.245	31.5631	120.256012	31.567475
1195A	堰桥	无锡	120.288	31.6842	120.299193	31.687952
1196A	市监测站	常州	119.996	31.7586	120.007196	31.762992
1197A	城建学校	常州	119.933	31.7786	119.944262	31.782118
1198A	常工院	常州	119.962	31.8089	119.973252	31.812773
1199A	潞城	常州	120.0393	31.7638	120.050758	31.76771
1200A	武进监测站	常州	119.935	31.7039	119.946294	31.707437
1201A	安家	常州	119.905	31.9108	119.916185	31.914636
1202A	环境监测站	镇江				
1203A	新区办事处	镇江	119.68	32.1883	119.691614	32.191929
1204A	职教中心	镇江	119.491	32.215	119.502733	32.219094
1205A	丹徒区监测站	镇江	119.43	32.1319	119.441945	32.135925
1206A	公园路	泰州	119.9	32.4867	119.911208	32.490569
1207A	莲花	泰州	119.9219	32.4611	119.933217	32.464606
1208A	高港区政府	泰州	119.882	32.303	119.893188	32.307114
1209A	留学生创业园	泰州	119.888	32.4639	119.899188	32.467958
1210A	钵池山	淮安	119.036	33.5981	119.047928	33.603117
1211A	北京南路	淮安	119.007	33.575	119.018897	33.579611
1212A	市监测站	淮安	118.989	33.6067	119.000944	33.610969
1213A	楚州区监测站	淮安	119.135	33.5039	119.147061	33.508772
1214A	淮阴区监测站	淮安	119.0122	33.627	119.024133	33.631751
1215A	盐城电厂	盐城	120.118	33.4022	120.129489	33.407223
1216A	市监测站	盐城	120.156	33.3942	120.167549	33.398616
1217A	文峰中学	盐城	120.129	33.3719	120.140482	33.376805
1218A	开发区管委会	盐城	120.225	33.3947	120.236219	33.399511
1219A	市监测站	宿迁	118.2658	33.96	118.27789	33.964354
1220A	宿迁学院	宿迁	118.293	33.9528	118.304976	33.957627
1221A	宿迁中学	宿迁	118.2442	33.9592	118.256296	33.963539
1222A	宿豫区环保局	宿迁	118.3214	33.9506	118.33337	33.955653
1223A	滨江	杭州	120.211	30.21	120.221991	30.213672
1224A	西溪	杭州	120.063	30.2747	120.074418	30.278081
1225A	千岛湖	杭州	119.026	29.635	119.037545	29.638878
1226A	下沙	杭州	120.348	30.3058	120.35898	30.30982
1227A	卧龙桥	杭州	120.127	30.2456	120.138199	30.24961
1228A	浙江农大	杭州	120.19	30.2692	120.201181	30.272555
1229A	朝晖五区	杭州	120.157	30.2897	120.168259	30.293169
1230A	和睦小学	杭州	120.12	30.3119	120.131192	30.315975
1231A	临平镇	杭州	120.301	30.4183	120.3121	30.421575
1232A	城厢镇	杭州	120.27	30.1819	120.280989	30.185369
1233A	云栖	杭州	120.088	30.1808	120.099303	30.184579
1234A	区环保大楼	宁波	121.836	29.9108	121.846683	29.914073
1235A	万里学院	宁波	121.56	29.8208	121.570551	29.824556
1236A	龙赛医院	宁波	121.713	29.9572	121.723779	29.960598
1237A	三江中学	宁波	121.554	29.8906	121.564574	29.894379
1238A	市政管理站	宁波				
1239A	钱湖水厂	宁波	121.633	29.7736	121.643676	29.776762
1240A	太古小学	宁波	121.586	29.8633	121.596586	29.866668
1241A	市环境监测中心	宁波	121.524	29.8506	121.534727	29.854045
1242A	瓯海	温州	120.634	28.0089	120.644491	28.011361
1243A	南浦	温州	120.677	27.9939	120.687578	27.996422
1244A	龙湾	温州	120.76	27.9747	120.770674	27.977227
1245A	市站	温州	120.671	28.0167	120.681576	28.019113
1246A	袍江站	绍兴	120.598	30.0911	120.60847	30.094817
1247A	城东开发委	绍兴	120.605	29.9919	120.615481	29.995582
1248A	市环保站	绍兴	120.576	30.007	120.586549	30.010555
1249A	城北水厂	湖州	120.1	30.8867	120.111316	30.890915
1250A	城西水厂	湖州	120.07	30.8244	120.081418	30.828045
1251A	吉山新村	湖州	120.093	30.8617	120.10435	30.865792
1252A	清河小学	嘉兴	120.744	30.7946	120.754809	30.798359
1253A	嘉兴学院	嘉兴	120.726	30.7478	120.736754	30.75181
1254A	监测站	嘉兴				
1255A	黄岩环保大楼	台州	121.273	28.6459	121.283771	28.648549
1256A	台州环保大楼	台州	121.419	28.6542	121.429859	28.657485
1257A	路桥田洋王	台州	121.377	28.5773	121.38802	28.579947
1258A	定海檀枫	舟山	122.122	30.0203	122.132882	30.023975
1259A	普陀东港	舟山	122.3094	29.9558	122.32008	29.959358
1260A	临城新区	舟山	122.19	29.9944	122.200712	29.997947
1261A	四中	金华	119.649	29.1131	119.660139	29.116426
1262A	十五中	金华	119.647	29.077	119.658157	29.080324
1263A	监测站	金华	119.686	29.1029	119.697345	29.105701
1264A	环保大楼	衢州	118.871	28.9404	118.882355	28.943041
1265A	实验学校	衢州	118.871	28.9664	118.882356	28.969062
1266A	衢州学院	衢州	118.855	28.9745	118.866403	28.977075
1267A	监测站大楼	丽水	119.914	28.4514	119.924953	28.453835
1268A	莲都小学	丽水	119.93	28.4586	119.941007	28.460862
1269A	余庄前	丽水	119.879	28.4231	119.889844	28.426036
1270A	明珠广场	合肥	117.196	31.7848	117.208043	31.788696
1271A	三里街	合肥	117.307	31.8766	117.31914	31.880359
1272A	琥珀山庄	合肥	117.259	31.8706	117.27096	31.874685
1273A	董铺水库	合肥	117.16	31.9051	117.172144	31.908933
1274A	长江中路	合肥	117.25	31.8572	117.261928	31.861432
1275A	庐阳区	合肥	117.266	31.9438	117.278035	31.947752
1276A	瑶海区	合肥	117.336	31.8585	117.348098	31.862801
1277A	包河区	合肥	117.302	31.7956	117.31414	31.799321
1278A	滨湖新区	合肥	117.278	31.7386	117.290072	31.742395
1279A	高新区	合肥	117.124	31.8516	117.136055	31.856069
1280A	鼓山	福州	119.389	26.0542	119.400381	26.057603
1281A	快安	福州	119.414	26.0258	119.425378	26.029073
1282A	师大	福州	119.303	26.0392	119.3143	26.042176
1283A	五四北路	福州	119.299	26.1092	119.31028	26.112196
1284A	杨桥西路	福州	119.268	26.0797	119.279218	26.082903
1285A	紫阳	福州	119.315	26.0753	119.326395	26.078061
1286A	溪东	厦门	118.1569444	24.81805556	118.168364	24.821199
1287A	洪文	厦门	118.1513889	24.47666667	118.162828	24.479739
1288A	鼓浪屿	厦门	118.0636111	24.44583333	118.074996	24.449461
1290A	省外办	南昌	115.893	28.6844	115.904317	28.687179
1291A	省林业公司	南昌	115.8886	28.6839	115.89994	28.686604
1292A	林科所	南昌	115.813	28.7442	115.82447	28.747198
1293A	京东镇政府	南昌	115.973	28.6969	115.984533	28.69931
1294A	建工学校	南昌	115.852	28.6869	115.863508	28.689244
1295A	象湖	南昌	115.892	28.6425	115.903301	28.645234
1296A	武术学校	南昌	115.742	28.7994	115.753703	28.801972
1297A	石化	南昌	115.912	28.6131	115.923262	28.616046
1298A	省站	南昌	115.931	28.6844	115.942296	28.687292
1299A	科干所	济南	116.988	36.6114	117.000196	36.617933
1300A	农科所	济南	116.93	36.67	116.942195	36.675755
1301A	开发区	济南	117.114	36.6739	117.126515	36.6807
1302A	济南化工厂	济南	116.989	36.6872	117.001177	36.693778
1303A	省种子仓库	济南	117.0684	36.6868	117.081057	36.692985
1304A	机床二厂	济南	116.943	36.6489	116.955237	36.654694
1305A	市监测站	济南	117.049	36.6622	117.061644	36.668257
1306A	长清党校	济南	116.734	36.5336	116.746134	36.539954
1307A	仰口	青岛	120.6659	36.2403	120.677195	36.246038
1308A	李沧区子站	青岛	120.3905	36.1851	120.402179	36.191306
1309A	市北区子站	青岛	120.3471	36.0699	120.358593	36.076461
1310A	市南区东部子站	青岛	120.4134	36.0654	120.425129	36.071324
1311A	四方区子站	青岛	120.3664	36.1032	120.377927	36.109764
1312A	市南区西部子站	青岛	120.2992	36.0543	120.310837	36.060091
1313A	崂山区子站	青岛	120.4587	36.0851	120.470133	36.091556
1314A	黄岛区子站	青岛	120.1964	36.3083	120.20808	36.314355
1315A	城阳区子站	青岛	120.4001	36.2403	120.411835	36.246372
1316A	烟厂	郑州	113.681	34.7545	113.693706	34.759153
1317A	郑纺机	郑州	113.641	34.7745	113.653456	34.779683
1318A	银行学校	郑州	113.675	34.8019	113.68769	34.806673
1319A	供水公司	郑州	113.564	34.802	113.576687	34.806591
1320A	经开区管委	郑州	113.727	34.7187	113.739688	34.723718
1321A	四十七中	郑州	113.734	34.719	113.746654	34.72414
1322A	市监测站	郑州	113.5991	34.7496	113.611663	34.754321
1323A	河医大	郑州	113.6356	34.7538	113.648048	34.758978
1324A	岗李水库	郑州	113.6113	34.9162	113.623818	34.921315
1325A	东湖梨园	武汉	114.3672	30.5719	114.379148	30.57586
1326A	汉阳月湖	武汉	114.2511	30.5514	114.262951	30.555146
1327A	汉口花桥	武汉	114.2836	30.6197	114.295621	30.622989
1328A	武昌紫阳	武汉	114.3006	30.5494	114.31262	30.552643
1329A	青山钢花	武汉	114.4272	30.6103	114.439306	30.613754
1330A	沌口新区	武汉	114.1525	30.4753	114.164661	30.478788
1331A	汉口江滩	武汉	114.3008	30.5947	114.312823	30.597961
1332A	东湖高新	武汉	114.3894	30.4822	114.401468	30.4858
1333A	吴家山	武汉	114.2131	30.6414	114.225058	30.645139
1334A	沉湖七壕	武汉	113.8531	30.2997	113.865092	30.303174
1335A	经开区环保局	长沙	113.0833	28.2325	113.095769	28.235053
1336A	高开区环保局	长沙	112.8872	28.2189	112.899111	28.22142
1337A	马坡岭	长沙	113.0792	28.2053	113.091634	28.207891
1338A	湖南师范大学	长沙	112.9394	28.19	112.951318	28.192585
1339A	雨花区环保局	长沙	112.9956	28.1442	113.007763	28.146692
1340A	伍家岭	长沙	112.9792	28.2597	112.991362	28.261964
1341A	火车新站	长沙	113.0014	28.1944	113.013556	28.197003
1342A	天心区环保局	长沙	112.9844	28.1178	112.996575	28.120122
1343A	湖南中医药大学	长沙	112.8908	28.1308	112.902686	28.133384
1344A	沙坪	长沙	112.9958	28.3586	113.008	28.361108
1345A	广雅中学	广州	113.235	23.1422	113.246849	23.145365
1346A	市五中	广州	113.261	23.105	113.272776	23.108572
1347A	天河职幼	广州				
1348A	广东商学院	广州	113.348	23.0916	113.360035	23.094784
1349A	市八十六中	广州	113.433	23.105	113.445028	23.108332
1350A	番禺中学	广州	113.352	22.9477	113.36403	22.950882
1351A	花都师范	广州	113.215	23.3917	113.226926	23.394783
1352A	市监测站	广州	113.26	23.1331	113.271763	23.136668
1353A	九龙镇镇龙	广州	113.568	23.2783	113.579684	23.281194
1354A	麓湖	广州	113.281	23.1569	113.292781	23.160573
1355A	帽峰山森林公园	广州	113.589	23.5538	113.600686	23.556785
1356A	荔园	深圳	114.096	22.55	114.107581	22.553509
1357A	洪湖	深圳	114.117	22.5625	114.128541	22.566157
1358A	华侨城	深圳	113.987	22.5417	113.998387	22.545106
1359A	南油	深圳	113.923	22.5167	113.934406	22.519382
1360A	盐田	深圳	114.263	22.5908	114.274338	22.59399
1361A	龙岗	深圳	114.24	22.7267	114.251296	22.730208
1362A	西乡	深圳	113.891	22.5794	113.902352	22.58259
1363A	南澳	深圳	114.494	22.5422	114.505176	22.545546
1364A	葵涌	深圳	114.41	22.6342	114.421502	22.637202
1365A	梅沙	深圳	114.297	22.5978	114.308432	22.600646
1366A	观澜	深圳	114.085	22.75	114.096639	22.753361
1367A	吉大	珠海	113.574	22.2611	113.585616	22.263754
1368A	前山	珠海	113.495	22.2294	113.506755	22.232769
1369A	唐家	珠海	113.628	22.4251	113.639464	22.428384
1370A	斗门	珠海	113.299	22.2281	113.310818	22.23142
1371A	湾梁	佛山	113.134	23.0048	113.145923	23.008387
1372A	华材职中	佛山	113.105	23.0395	113.117052	23.042679
1373A	南海气象局	佛山	113.144	23.0467	113.155908	23.050423
1374A	顺德苏岗	佛山	113.292	22.8054	113.303805	22.808832
1375A	容桂街道办	佛山	113.257	22.7629	113.268748	22.766277
1376A	高明孔堂	佛山	112.844	22.8693	112.855627	22.872101
1377A	三水监测站	佛山	112.885	23.1572	112.896542	23.160353
1378A	三水云东海	佛山	112.863	23.1886	112.874651	23.191484
1379A	华柏园	中山	113.3769	22.5211	113.38882	22.524606
1380A	张溪	中山	113.3881	22.5497	113.400011	22.553333
1381A	紫马岭	中山	113.4075	22.5111	113.419426	22.514679
1382A	长江旅游区	中山	113.4411	22.4853	113.453111	22.488326
1383A	北街	江门	113.104	22.6069	113.116041	22.609926
1384A	西区	江门	113.074	22.5811	113.085993	22.584249
1385A	圭峰西	江门	113.024	22.5328	113.035742	22.536284
1386A	东湖	江门	113.0819	22.5931	113.093928	22.596151
1387A	东城主山	东莞	113.7819444	23.05361111	113.793606	23.056942
1388A	南城元岭	东莞	113.7461111	23.02777778	113.757736	23.031366
1389A	莞城梨川	东莞	113.7480556	23.06	113.759709	23.063622
1390A	东城石井	东莞	113.7944444	23.01277778	113.806091	23.015853
1391A	南城西平	东莞	113.7383333	22.96583333	113.750003	22.969313
1392A	河南岸金山湖子站	惠州	114.4183	23.0528	114.429845	23.055944
1393A	下埔横江三路子站	惠州	114.4053	23.08	114.416858	23.083201
1394A	江北云山西路子站	惠州	114.4103	23.1142	114.421834	23.117375
1395A	惠阳区承修路船湖子站	惠州	114.3244	22.8172	114.335813	22.82048
1396A	大亚湾管委会子站	惠州	114.5317	22.7422	114.542882	22.74495
1397A	睦岗子站	肇庆	112.427	23.0706	112.438794	23.074379
1398A	城中子站	肇庆	112.471	23.0528	112.482776	23.056064
1399A	坑口子站	肇庆	112.565	23.1617	112.576431	23.165162
1400A	七星岩子站	肇庆	112.4722	23.0786	112.483987	23.081854
1401A	振宁花园	南宁	108.301	22.7875	108.311509	22.790376
1402A	北湖	南宁	108.316	22.8561	108.326528	22.859182
1403A	市监测站	南宁	108.321	22.8225	108.33153	22.82566
1404A	大自然花园	南宁	108.383	22.805	108.393586	22.808381
1405A	仙葫	南宁	108.439	22.7906	108.449581	22.793786
1406A	区农职院	南宁	108.239	22.8464	108.249371	22.849894
1407A	英华嘉园	南宁	108.328	22.735	108.338505	22.738261
1408A	沙井镇街道办	南宁	108.244	22.7833	108.254339	22.78674
1409A	东寨港	海口	110.576	19.9507	110.586752	19.954123
1410A	海南大学	海口	110.3232	20.0574	110.334121	20.06106
1411A	秀英海南医院	海口	110.283	20.0053	110.293706	20.009503
1412A	海南师范大学	海口	110.338	19.9969	110.348934	20.000568
1413A	龙华路环保局宿舍	海口	110.33	20.0356	110.340924	20.039234
1414A	缙云山	重庆	106.379	29.8272	106.389604	29.830402
1415A	高家花园	重庆	106.46	29.5736	106.470447	29.57711
1416A	天生	重庆	106.424	29.8264	106.434461	29.830177
1417A	两路	重庆	106.626	29.7228	106.636299	29.725682
1418A	虎溪	重庆	106.296	29.5983	106.306266	29.601792
1419A	南坪	重庆	106.54	29.5186	106.550181	29.521974
1420A	唐家沱	重庆	106.65	29.6219	106.660252	29.625137
1421A	茶园	重庆	106.634	29.4892	106.644274	29.492109
1422A	白市驿	重庆	106.364	29.4822	106.374529	29.485352
1423A	解放碑	重庆	106.571	29.5642	106.58115	29.567559
1424A	杨家坪	重庆	106.512	29.5164	106.52237	29.519421
1425A	空港	重庆	106.617	29.7125	106.627302	29.715334
1426A	新山村	重庆	106.468	29.4892	106.478431	29.492517
1427A	礼嘉	重庆	106.562	29.6453	106.572129	29.648768
1428A	蔡家	重庆	106.452	29.709	106.462425	29.712673
1429A	鱼新街	重庆	106.513	29.389	106.523349	29.391967
1430A	南泉	重庆	106.591	29.4272	106.601223	29.430178
1431A	金泉两河	成都	103.97275	30.72358333	103.981557	30.726653
1432A	十里店	成都	104.176	30.6872	104.184884	30.690894
1433A	三瓦窑	成都	104.079	30.5706	104.088062	30.57398
1434A	沙河铺	成都	104.1113889	30.63	104.120521	30.633364
1435A	梁家巷	成都	104.074	30.685	104.083041	30.688496
1436A	草堂寺	成都	104.026	30.6544	104.034837	30.658153
1437A	君平街	成都	104.054	30.6578	104.062932	30.661567
1438A	灵岩寺	成都	103.613	31.0283	103.621612	31.031431
1439A	马鞍山	贵阳	106.6856	26.6029	106.695724	26.605613
1440A	市环保站	贵阳	106.6971	26.5689	106.707316	26.57151
1441A	鉴湖路	贵阳	106.6243	26.6266	106.63442	26.628632
1442A	燕子冲	贵阳	106.7487	26.6343	106.759084	26.636545
1443A	碧云窝	贵阳	106.6554	26.4364	106.665504	26.438964
1444A	中院村	贵阳	106.6948	26.5155	106.704977	26.518144
1445A	红边门	贵阳	106.7105	26.6009	106.720774	26.6033
1446A	新华路	贵阳	106.7164	26.5697	106.726735	26.572027
1447A	太慈桥	贵阳	106.6867	26.5495	106.696862	26.552222
1449A	关上	昆明	102.743	25.0124	102.750976	25.015544
1450A	呈贡新区	昆明	102.821	24.8885	102.828907	24.891649
1451A	西山森林公园	昆明	102.625	24.9624	102.632735	24.965337
1452A	龙泉镇	昆明	102.728	25.0836	102.735908	25.086924
1453A	东风东路	昆明	102.722	25.0405	102.729874	25.043842
1454A	金鼎山	昆明	102.681	25.067	102.688892	25.06986
1455A	碧鸡广场	昆明	102.638	25.0359	102.645798	25.038656
1456A	八廓街	拉萨	91.1319	29.6514	91.14004	29.654427
1457A	市环保局	拉萨	91.1221	29.6747	91.130238	29.677825
1458A	区监测站	拉萨	91.0874	29.6475	91.095395	29.651047
1459A	西藏大学	拉萨	91.1774	29.6541	91.185332	29.657431
1460A	区辐射站	拉萨	90.9798	29.6588	90.98756	29.661987
1461A	拉萨火车站	拉萨	91.0834	29.6292	91.091368	29.632754
1462A	高压开关厂	西安	108.882	34.2749	108.893157	34.279041
1463A	兴庆小区	西安	108.993	34.2629	109.004389	34.267316
1464A	纺织城	西安	109.06	34.2572	109.071535	34.262154
1465A	小寨	西安	108.94	34.2324	108.951101	34.237035
1466A	市人民体育场	西安	108.954	34.2713	108.965086	34.276068
1467A	高新西区	西安	108.883	34.2303	108.894188	34.234422
1468A	经开区	西安	108.935	34.3474	108.946118	34.352008
1469A	长安区	西安	108.906	34.1546	108.917161	34.158663
1470A	阎良区	西安	109.2	34.6575	109.211481	34.662681
1471A	临潼区	西安	109.2186	34.3731	109.230129	34.377851
1472A	草滩	西安	108.869	34.378	108.88013	34.382396
1473A	曲江文化产业集团	西安	108.985	34.1978	108.996305	34.202301
1474A	广运潭	西安	109.043	34.3274	109.054574	34.332085
1475A	职工医院	兰州	103.712	36.0756	103.720988	36.081281
1476A	兰炼宾馆	兰州	103.631	36.1031	103.639851	36.108481
1477A	榆中兰大校区	兰州	104.148	35.94	104.157177	35.946176
1478A	生物制品所	兰州	103.841	36.0725	103.849954	36.077962
1479A	铁路设计院	兰州	103.831	36.0464	103.839946	36.052029
1480A	市环境监测站	西宁	101.748	36.6428	101.756384	36.649021
1481A	省医药仓库	西宁	101.749	36.6922	101.757349	36.698446
1482A	四陆医院	西宁	101.834	36.5819	101.842368	36.587502
1483A	第五水厂	西宁	101.524	36.6867	101.53227	36.692886
1484A	贺兰山马莲口	银川	105.9512	38.6016	105.961743	38.608247
1485A	银湖巷	银川	106.2682	38.4744	106.279191	38.480606
1486A	宁安大街	银川	106.217	38.4536	106.22787	38.460213
1487A	宁化生活区	银川	106.0715	38.4858	106.082442	38.492728
1488A	贺兰山东路	银川	106.2328	38.4975	106.243729	38.503841
1489A	学院路	银川	106.1358	38.5036	106.146975	38.509891
1490A	监测站	乌鲁木齐	87.5801	43.8303	87.589391	43.837679
1491A	收费所	乌鲁木齐	87.6046	43.768	87.613805	43.775469
1492A	新疆农科院农场	乌鲁木齐	87.4754	43.9469	87.484982	43.954552
1493A	铁路局	乌鲁木齐	87.5525	43.8711	87.56199	43.878132
1494A	三十一中学	乌鲁木齐	87.6432	43.831	87.652714	43.838052
1495A	七十四中学	乌鲁木齐	87.4171	43.8729	87.427043	43.880165
1496A	米东区环保局	乌鲁木齐	87.6444	43.962	87.653925	43.96896
1508A	板塘	湘潭	112.9433	27.8614	112.955246	27.863975
1511A	市监测站	湘潭	112.9118	27.8403	112.923598	27.84315
1512A	江麓	湘潭	112.8937	27.8728	112.905561	27.875469
1513A	岳塘	湘潭	112.9227	27.8159	112.934499	27.818731
1514A	科大	湘潭	112.9074	27.9119	112.9192	27.914715
1515A	天台山庄	株洲	113.135	27.8244	113.147271	27.827441
1518A	株冶医院	株洲	113.095	27.8867	113.107456	27.889243
1519A	市四中	株洲	113.167	27.8667	113.179234	27.869772
1520A	火车站	株洲	113.143	27.8381	113.155247	27.84123
1524A	市监测站	株洲	113.13	27.8528	113.142325	27.855768
1552A	桐木岭	贵阳	106.805	26.3003	106.815237	26.303137
1559A	大京风景区	株洲	113.251	27.8336	113.263137	27.836418
1562A	昭山	湘潭	113.0048	27.9153	113.016929	27.918007
1564A	韶山	湘潭	112.4876	27.9164	112.499708	27.918799
1585A	市环境监测站	包头	109.8756	40.6532	109.887775	40.660144
1586A	包百大楼	包头	109.8104	40.6575	109.822585	40.66492
1587A	东河城环局	包头	110.0067	40.5905	110.019084	40.597804
1588A	青山宾馆	包头	109.8538	40.6821	109.866107	40.688917
1589A	惠龙物流	包头	109.8654	40.6288	109.877646	40.635614
1590A	东河鸿龙湾	包头	110.0377	40.5546	110.050067	40.562242
1591A	综合楼	鄂尔多斯	110.0023	39.8129	110.014569	39.81994
1592A	巴音孟克林场办事处	鄂尔多斯	109.9486	39.8261	109.960704	39.83296
1593A	康泽苑	鄂尔多斯	109.7736	39.5986	109.785771	39.605782
1594A	华泰汽车城	鄂尔多斯	109.8119	39.5989	109.823987	39.606074
1595A	奥林花园	鄂尔多斯	109.9734	39.7884	109.985673	39.79506
1596A	学府南路	营口	122.2414	40.6592	122.253077	40.666691
1597A	大庆路	营口	122.2703	40.7094	122.281882	40.717367
1598A	镜湖西路	营口	122.215	40.6511	122.226807	40.658304
1599A	西炮台	营口	122.1658	40.6789	122.177528	40.686884
1600A	江湾东路	丹东	124.3303	40.0625	124.342437	40.070254
1601A	临江后街	丹东	124.4256	40.1503	124.437812	40.158226
1602A	元宝山	丹东	124.3933	40.1461	124.405704	40.1535
1603A	民主桥	丹东	124.3678	40.1194	124.380246	40.126631
1604A	开发区	盘锦	122.0247	41.1556	122.036484	41.163945
1605A	兴隆台	盘锦	122.0539	41.0903	122.065808	41.098541
1606A	新生街道	盘锦	121.835	41.1042	121.846785	41.111814
1607A	龙港区	葫芦岛	120.9092	40.7136	120.920902	40.720724
1608A	化工街	葫芦岛	120.8392	40.7514	120.850749	40.759228
1609A	新区	葫芦岛	120.8478	40.715	120.859379	40.722725
1610A	东城区	葫芦岛	120.8631	40.7736	120.874703	40.781084
1611A	涂山街	泉州	118.5819	24.9117	118.592835	24.914773
1612A	津头埔	泉州	118.5972	24.8978	118.608197	24.900597
1613A	万安	泉州	118.6663	24.9424	118.677253	24.9458
1614A	清源山	泉州	118.6108	24.9617	118.621828	24.964367
1615A	植物油厂	莱芜	117.685	36.205	117.697379	36.211026
1616A	技术学院	莱芜	117.6789	36.2289	117.691311	36.234811
1617A	日升国际	莱芜	117.715	36.2081	117.727327	36.21451
1618A	沂河小区	临沂	118.3418	35.0573	118.35403	35.062884
1619A	鲁南制药厂	临沂	118.2939	35.0622	118.306011	35.067828
1620A	新光毛纺厂	临沂	118.2764	34.9817	118.288558	34.986897
1621A	河东保险公司	临沂	118.4023	35.0896	118.414613	35.095204
1622A	儿童乐园	德州	116.3061	37.4664	116.318431	37.473157
1623A	黑马集团	德州	116.2729	37.4504	116.28505	37.457488
1624A	监理站	德州	116.3189	37.4489	116.331313	37.455464
1625A	区政府	聊城	115.9848	36.4372	115.99706	36.442981
1626A	二轻机	聊城	115.9968	36.4568	116.009046	36.462788
1627A	党校	聊城	115.9835	36.4796	115.995779	36.485388
1628A	市环保局	滨州	118.0062	37.3803	118.018823	37.386732
1629A	第二水厂	滨州	118.0018	37.3617	118.014409	37.368157
1630A	北中新校	滨州	117.9776	37.393	117.98998	37.39979
1631A	人民公园	淄博	118.0482	36.8088	118.060729	36.815384
1632A	东风化工厂	淄博	118.0448	36.838	118.057362	36.84454
1633A	双山	淄博	117.8477	36.497	117.85994	36.503333
1634A	气象站	淄博	117.9544	36.6377	117.96659	36.644202
1635A	莆田园	淄博	118.3092	36.8198	118.321437	36.826591
1636A	三金集团	淄博	117.8512	36.8041	117.863446	36.810554
1637A	市中区政府	枣庄	117.5564	34.864	117.568617	34.868895
1638A	薛城环保局	枣庄	117.2852	34.7837	117.297599	34.788499
1639A	峄城区政府	枣庄	117.5852	34.7745	117.597214	34.779717
1640A	台儿庄区环保局	枣庄	117.732	34.5667	117.744235	34.57181
1641A	山亭区环保局	枣庄	117.4518	35.0992	117.464292	35.104916
1642A	开发区	烟台	121.2514	37.5639	121.263053	37.570397
1643A	轴承厂	烟台	121.3719	37.5433	121.383754	37.549955
1644A	西郊化工站	烟台	121.3181	37.5436	121.329613	37.550881
1645A	莱山环保局	烟台	121.4478	37.4822	121.459442	37.489468
1646A	福山环保局	烟台	121.2611	37.4967	121.272744	37.503199
1647A	牟平环保局	烟台	121.5953	37.3872	121.606629	37.393644
1648A	仲裁委	潍坊	119.12	36.7019	119.13247	36.708326
1649A	刘家园	潍坊	119.0919	36.7306	119.104495	36.736781
1650A	环保局	潍坊	119.1425	36.7008	119.154822	36.707566
1651A	共达公司	潍坊	119.1614	36.6572	119.173683	36.66395
1652A	寒亭监测站	潍坊	119.1939	36.7731	119.206282	36.779361
1653A	火炬城	济宁	116.6305	35.428	116.642247	35.433934
1654A	监测站	济宁	116.5856	35.4144	116.597499	35.419666
1655A	电化厂	济宁	116.5546	35.4039	116.566492	35.409313
1656A	监测站	泰安	117.1436	36.1942	117.156142	36.200418
1657A	人口学校	泰安	117.0881	36.1942	117.100636	36.200525
1658A	电力学校	泰安	117.1081	36.1758	117.120583	36.182385
1659A	监测站	日照	119.4641	35.4178	119.47639	35.423389
1660A	市政府广场	日照	119.5198	35.4234	119.531677	35.429492
1661A	港务局	日照	119.54	35.3962	119.551855	35.401951
1662A	华夏技校	威海	122.1206	37.4294	122.132169	37.436329
1663A	山大分校	威海	122.0508	37.5325	122.062246	37.539742
1664A	市监测站	威海	122.1067	37.5072	122.118361	37.513943
1665A	西城阳光环保公司	东营	118.5019	37.4658	118.514319	37.47225
1666A	市环保局	东营	118.6672	37.4314	118.679242	37.438396
1667A	耿井村	东营	118.5857	37.4442	118.597774	37.450769
1668A	广南水库	东营	118.8192	37.3781	118.83136	37.384872
1669A	市八中	韶关	113.586606	24.769519	113.598378	24.772186
1670A	碧湖山庄	韶关	113.5593889	24.81119444	113.571166	24.81393
1671A	园林处	韶关	113.598061	24.795928	113.609768	24.798749
1672A	韶关学院	韶关	113.6734722	24.77908333	113.68527	24.781969
1673A	曲江监测站	韶关	113.5970833	24.68636111	113.60878	24.689158
1674A	金平子站	汕头	116.6794	23.3667	116.690395	23.369809
1675A	龙湖子站	汕头	116.7244	23.3633	116.735442	23.36669
1676A	濠江子站	汕头	116.7258	23.2775	116.736846	23.280898
1677A	澄海子站	汕头	116.7519	23.4714	116.762908	23.475183
1678A	潮阳子站	汕头	116.6092	23.2539	116.619998	23.257173
1679A	潮南子站	汕头	116.4019	23.2536	116.413026	23.257504
1680A	湛江影剧院	湛江	110.3539	21.2706	110.364946	21.274028
1681A	市环境监测站	湛江	110.3928	21.2228	110.403764	21.226781
1682A	环保局宿舍	湛江	110.4019	21.1997	110.412872	21.203668
1683A	霞山游泳场	湛江	110.4111	21.2028	110.422088	21.206679
1684A	麻章区环保局	湛江	110.3316	21.2679	110.342624	21.271153
1685A	坡头区环保局	湛江	110.4558	21.2567	110.466879	21.259966
1686A	市环保局茂港分局	茂名	111.0286	21.4689	111.039966	21.472376
1687A	茂石化七小	茂名	110.9294	21.6533	110.940495	21.656222
1688A	健康路	茂名	110.9067	21.6669	110.917689	21.670094
1689A	高岭	茂名	110.8592	21.6828	110.870128	21.686259
1690A	嘉应大学	梅州	116.1278	24.3289	116.139096	24.332302
1691A	梅县新城	梅州	116.0797	24.2719	116.091121	24.275051
1692A	环境监控中心	梅州	116.1248	24.2654	116.136145	24.268779
1693A	市环保局	汕尾	115.3653	22.775	115.376772	22.778048
1694A	市政府	汕尾	115.3706	22.7898	115.382095	22.792826
1695A	新城中学	汕尾	115.3622	22.7925	115.373672	22.795583
1696A	源西	河源	114.6778	23.7569	114.688985	23.760077
1697A	东埔	河源	114.6944	23.7586	114.705559	23.762097
1698A	老城	河源	114.6892	23.7233	114.700352	23.726706
1699A	鸳鸯湖	阳江	111.9786	21.8586	111.990163	21.861975
1700A	南恩路	阳江	111.9508	21.8536	111.962246	21.857125
1701A	马南垌	阳江	111.9494	21.865	111.960852	21.868512
1702A	环保大楼	清远	113.0425	23.6936	113.054397	23.697426
1703A	凤城街办	清远	113.0208	23.7106	113.032625	23.714306
1704A	高新区	清远	113.0622	23.6272	113.074174	23.630801
1705A	西园路	潮州	116.6339	23.6714	116.644736	23.675022
1706A	档案局	潮州	116.6447	23.6706	116.655564	23.6742
1707A	市政公司	潮州	116.6175	23.6531	116.628332	23.65656
1708A	新兴	揭阳	116.3697	23.5353	116.380905	23.538986
1709A	西马	揭阳	116.3242	23.5486	116.33541	23.551839
1710A	东兴	揭阳	116.3594	23.5739	116.370627	23.577383
1711A	渔湖	揭阳	116.4094	23.5292	116.420582	23.533083
1712A	新市府	云浮	112.0392	22.9169	112.051026	22.920139
1713A	市监测站	云浮	112.0369	22.9394	112.048751	22.942609
1714A	牧羊	云浮	112.0539	22.9539	112.065734	22.957443
1715A	东风水库	玉溪	102.5778	24.3694	102.585486	24.372427
1716A	市监测站	玉溪	102.5433	24.3603	102.551133	24.362945
1717A	大营街镇	玉溪	102.4964	24.3411	102.504237	24.34436
1718A	市气象局	菏泽	115.42277	35.248889	115.435165	35.254912
1719A	市政协	菏泽	115.474722	35.2375	115.487137	35.242942
1720A	菏泽学院	菏泽	115.455	35.27	115.467382	35.275866
1721A	果树场	大同	113.3819	40.1097	113.395517	40.117334
1722A	红旗广场	大同	113.2858	40.0958	113.299218	40.103256
1723A	云冈宾馆	大同	113.2994	40.0758	113.312896	40.083065
1724A	大同大学	大同	113.3444	40.0917	113.358142	40.098711
1725A	安家小村	大同	113.2661	40.1269	113.279474	40.13439
1726A	教育学院	大同	113.2711	40.0844	113.284461	40.091909
1727A	清华站	长治	113.1097	36.1542	113.122958	36.160149
1728A	监测站	长治	113.0972	36.1939	113.110467	36.199741
1729A	澳瑞特	长治	113.1466	36.1961	113.159615	36.202548
1730A	审计局	长治	113.0886	36.2126	113.101857	36.218445
1731A	长治八中	长治	113.0844444	36.1855	113.097699	36.191366
1732A	市监测站	临汾	111.5125	36.0978	111.525275	36.103548
1733A	临钢医院	临汾	111.5531	36.0783	111.565774	36.083912
1734A	技工学校	临汾	111.5028	36.0714	111.515558	36.077338
1735A	工商学校	临汾	111.5169	36.0822	111.529681	36.087868
1736A	市委	临汾	111.5025	36.0875	111.515251	36.093445
1737A	南机场	临汾	111.4917	36.0417	111.504459	36.047853
1738A	市中心	阳泉	113.5753	37.8564	113.588331	37.862573
1739A	赛鱼	阳泉	113.4922	37.8792	113.505327	37.88605
1740A	南庄	阳泉	113.5922	37.8561	113.605162	37.862411
1741A	白羊墅	阳泉	113.6292	37.8531	113.641997	37.859956
1742A	平坦	阳泉	113.5689	37.8694	113.58193	37.875583
1743A	大阳泉	阳泉	113.5158	37.85	113.528791	37.856979
1744A	松山一中	赤峰	118.9233	42.2814	118.935896	42.289663
1745A	哈达街	赤峰	118.9572	42.2725	118.970074	42.280277
1746A	天义路	赤峰	118.8789	42.2556	118.891631	42.26346
1747A	松山路	赤峰	119.2719	42.0317	119.284723	42.040224
1748A	深沟寺	鞍山	123.044	41.1196	123.056319	41.12735
1749A	太阳城	鞍山	123.011	41.0931	123.023009	41.101302
1750A	太平	鞍山	123.0485	41.1442	123.060856	41.151946
1751A	铁西三道街	鞍山	122.9642	41.0971	122.976071	41.104921
1752A	铁西工业园区	鞍山	122.9481	41.0833	122.960012	41.090804
1753A	明达新区	鞍山	123.0156	41.0831	123.027662	41.091235
1754A	千山	鞍山	123.1289	41.0228	123.141142	41.031097
1755A	望花区	抚顺	123.81	41.8469	123.822331	41.855222
1756A	顺城区	抚顺	123.9169	41.8828	123.929163	41.890759
1757A	东洲区	抚顺	124.0383	41.8625	124.050882	41.870777
1758A	新抚区	抚顺	123.9	41.8594	123.912309	41.867133
1759A	大伙房水库	抚顺	124.0878	41.8864	124.100362	41.895145
1760A	沈抚新城	抚顺	123.7117	41.8417	123.724	41.85031
1761A	大峪	本溪	123.8436	41.3283	123.855728	41.336633
1762A	溪湖	本溪	123.7528	41.3369	123.765261	41.344864
1763A	彩屯	本溪	123.7308	41.3047	123.743133	41.313044
1764A	东明	本溪	123.7669	41.2864	123.779414	41.294147
1765A	新立屯	本溪	123.7989	41.2692	123.811261	41.277138
1766A	威宁	本溪	123.8142	41.3472	123.826438	41.35545
1767A	南山	锦州	121.0986	41.0781	121.110743	41.086268
1768A	开发区	锦州	121.045	40.8333	121.057054	40.841103
1769A	百股街道	锦州	121.2008	41.1219	121.212667	41.13019
1770A	天安街道	锦州	121.1178	41.1222	121.130024	41.130043
1771A	北湖公园	锦州	121.1303	41.1386	121.142554	41.146324
1772A	哈达湾	吉林	126.555	43.8875	126.567231	43.895535
1773A	东局子	吉林	126.5844	43.8358	126.596433	43.844348
1774A	电力学院	吉林	126.4978	43.8228	126.510167	43.831334
1775A	江北	吉林	126.5786	43.8947	126.590637	43.903135
1776A	江南公园	吉林	126.55	43.8256	126.562301	43.833611
1777A	农科院	吉林				
1778A	丰满	吉林	126.6772	43.7256	126.689516	43.733834
1779A	安居小区	齐齐哈尔	123.9305	47.3636	123.943503	47.371787
1780A	中心广场	齐齐哈尔	123.9305	47.3386	123.943516	47.346786
1781A	农牧车辆厂	齐齐哈尔	123.9483	47.3227	123.96128	47.33114
1782A	富区环保局	齐齐哈尔	123.6261	47.203	123.63921	47.210942
1783A	市环境监测站	齐齐哈尔	123.945	47.2988	123.957979	47.307204
1784A	环保大楼　	牡丹江	129.61	44.561	129.623479	44.569196
1785A	文化广场　	牡丹江	129.6115	44.5782	129.624977	44.586365
1786A	第一医院	牡丹江	129.5902	44.5952	129.603598	44.60352
1787A	机车工厂	牡丹江	129.6459	44.6104	129.659629	44.618013
1788A	第一中学	牡丹江	129.6386	44.5462	129.652311	44.553901
1789A	大同区	大庆	124.8354	46.0347	124.848382	46.042333
1790A	龙凤区	大庆	125.112	46.528	125.125604	46.535882
1791A	红岗区	大庆	124.8847	46.3991	124.897575	46.406832
1792A	萨尔图区	大庆	125.1386	46.5776	125.15204	46.585954
1793A	让胡路区	大庆	124.8648	46.6219	124.877871	46.629356
1794A	监测站	芜湖	118.3528	31.3508	118.36474	31.354783
1795A	科创中心	芜湖	118.37	31.4189	118.381985	31.422721
1796A	四水厂	芜湖	118.3708	31.3178	118.382791	31.321591
1797A	五七二零厂	芜湖	118.4022	31.3839	118.414132	31.388038
1798A	湖东路四小	马鞍山	118.5058	31.6861	118.517573	31.689818
1799A	天平服装	马鞍山	118.4828	31.6411	118.494631	31.644892
1800A	慈湖二小	马鞍山	118.5106	31.7506	118.522334	31.754351
1801A	马钢动力厂	马鞍山	118.48	31.6928	118.491863	31.696638
1802A	市教育基地	马鞍山	118.6439	31.7133	118.655453	31.717173
1803A	十里	九江	115.9872	29.6816	115.998843	29.684743
1804A	茅山头	九江	115.9581	29.7048	115.969633	29.707922
1805A	西园	九江	115.988	29.7292	115.99961	29.732354
1806A	五七二七厂	九江	116.0174	29.6535	116.028998	29.657216
1807A	水科所	九江	116.0628	29.6926	116.074548	29.696254
1808A	综合工业园	九江	115.9114	29.6039	115.92271	29.607487
1809A	石化总厂	九江	116.0726	29.7534	116.08439	29.756898
1810A	庐山气象台	九江	115.9936	29.5867	116.005211	29.589914
1811A	中信二小	洛阳	112.3628	34.6692	112.375673	34.673962
1812A	市委党校	洛阳	112.3939	34.6511	112.40676	34.655992
1813A	市监测站	洛阳	112.4333	34.67	112.445992	34.675394
1814A	豫西宾馆	洛阳	112.4664	34.6869	112.479147	34.691865
1815A	河南林校	洛阳	112.4831	34.6869	112.495867	34.69158
1816A	开发区管委会	洛阳	112.3844	34.6231	112.397306	34.627846
1817A	市委新办公区	洛阳	112.4275	34.6258	112.440207	34.631146
1818A	棉研所	安阳	114.483	36.061	114.495291	36.067346
1819A	红庙街	安阳	114.32	36.086	114.332509	36.091993
1820A	银杏小区	安阳	114.358	36.087	114.370444	36.093469
1821A	环保局	安阳	114.3931	36.0883	114.405725	36.094311
1822A	铁佛寺	安阳	114.286	36.11	114.298551	36.115704
1823A	河大一附院	开封	114.3406	34.8022	114.352927	34.80764
1824A	肿瘤医院	开封	114.3389	34.7781	114.351208	34.783485
1825A	妇幼保健院	开封	114.3733	34.7975	114.385689	34.802907
1826A	世纪星幼儿园	开封	114.2886	34.7967	114.301021	34.801451
1827A	市监测站　	焦作	113.261	35.235	113.273779	35.240778
1828A	市环保局　	焦作	113.227	35.213	113.239966	35.21824
1829A	高新区政府	焦作	113.2464	35.1764	113.259264	35.181904
1830A	影视城	焦作	113.1992	35.259	113.212181	35.264326
1831A	高压开关厂	平顶山	113.3064	33.7214	113.319195	33.725909
1832A	新华旅馆	平顶山	113.322	33.721	113.334898	33.725307
1833A	规划设计院	平顶山	113.292	33.739	113.304712	33.743739
1834A	平顶山工学院	平顶山	113.182	33.737	113.194797	33.741614
1835A	市政府	三门峡	111.1928	34.7772	111.205348	34.782044
1836A	开发区	三门峡	111.158	34.794	111.170621	34.798889
1837A	二  印	三门峡	111.1858	34.7917	111.198395	34.796486
1838A	风景区	三门峡	111.1489	34.7997	111.161495	34.80475
1839A	四零三	宜昌	111.3009	30.7157	111.313181	30.718982
1840A	白龙岗	宜昌	111.2992	30.698	111.311466	30.701258
1841A	伍家岗	宜昌	111.3549	30.6463	111.367167	30.650302
1842A	点军区	宜昌	111.268	30.696	111.280129	30.69948
1843A	夷陵区	宜昌	111.3296	30.7819	111.341862	30.785677
1844A	市图书馆	荆州	112.2551	30.3175	112.267387	30.320604
1845A	市委党校	荆州	112.2068	30.3515	112.218975	30.355244
1846A	科融环保	荆州	112.2887	30.3055	112.300911	30.309046
1847A	南湖风景区	岳阳	113.1094	29.3578	113.121931	29.361027
1848A	城陵矶	岳阳	113.1493	29.4251	113.161678	29.428891
1849A	开发区	岳阳	113.1772	29.3678	113.189538	29.37129
1850A	云溪区	岳阳	113.2621	29.4758	113.274333	29.479422
1851A	君山区	岳阳	112.9943	29.4402	113.006591	29.443346
1852A	金凤水库	岳阳	113.2117	29.355	113.224103	29.35797
1853A	市监测站	常德	111.7044	29.0244	111.716434	29.027669
1854A	市二中	常德	111.6975	28.9703	111.709565	28.973444
1855A	鼎城区环保局	常德	111.6753	29.0239	111.687387	29.026672
1856A	市技术监督局	常德	111.6794	29.0381	111.691492	29.040962
1857A	白鹤山	常德	111.7158	29.1456	111.727851	29.149025
1858A	永定新区	张家界	110.48	29.1389	110.491451	29.141963
1859A	电业局	张家界	110.4697	29.1242	110.481219	29.127128
1860A	未央路	张家界	110.5594	29.3547	110.57071	29.357568
1861A	袁家界	张家界	110.4417	29.315	110.453334	29.318122
1862A	电子科大尧山校区	桂林	110.4144	25.3167	110.425647	25.320196
1863A	监测站	桂林	110.2819	25.2697	110.292898	25.273169
1864A	龙隐路小学	桂林	110.3089	25.2708	110.320032	25.273936
1865A	八中	桂林	110.2869	25.2178	110.297932	25.221241
1866A	牛尾岭水库	北海	109.2256	21.5958	109.23628	21.599227
1867A	海滩公园	北海	109.1436	21.4086	109.154447	21.411902
1868A	新市环保局	北海	109.0981	21.4661	109.108855	21.469854
1869A	北海工业园	北海	109.1778	21.5233	109.188513	21.527012
1870A	柳东小学	柳州	109.4883	24.3898	109.499369	24.39265
1871A	环保监测站	柳州	109.4108	24.3304	109.421874	24.333803
1872A	河西水厂	柳州	109.3886	24.3406	109.399741	24.343654
1873A	市四中	柳州	109.4221	24.299	109.433155	24.302571
1874A	市九中	柳州	109.3957	24.3663	109.40685	24.369448
1875A	古亭山	柳州	109.4839	24.3158	109.494937	24.318713
1876A	河东子站	三亚	109.5078	18.2489	109.518452	18.252947
1877A	河西子站	三亚	109.4964	18.2681	109.507108	18.272115
1878A	富乐山	绵阳	104.7778	31.4747	104.787079	31.478651
1879A	市人大	绵阳	104.7536	31.4539	104.762812	31.458019
1880A	高新区自来水公司	绵阳	104.6717	31.4656	104.680837	31.469249
1881A	三水厂	绵阳	104.7283	31.5072	104.737549	31.511023
1882A	石马中学	宜宾	104.5969	28.8194	104.605765	28.821819
1883A	市委	宜宾	104.6225	28.76611	104.63126	28.768883
1884A	宜宾四中	宜宾	104.6061	28.7867	104.614905	28.789231
1885A	市政府	宜宾	104.6417	28.76389	104.650483	28.766774
1886A	黄金嘴	宜宾	104.5761	28.71583	104.584999	28.718046
1887A	沙坪中学	宜宾	104.6789	28.7989	104.687942	28.801395
1888A	弄弄坪	攀枝花	101.68912	26.57098	101.697237	26.573107
1889A	河门口	攀枝花	101.5769	26.5928	101.584888	26.59477
1890A	炳草岗	攀枝花	101.7169	26.585	101.725021	26.58726
1891A	仁和	攀枝花	101.7453	26.5017	101.753312	26.504401
1893A	九狮山	泸州	105.4306	28.9583	105.440794	28.961124
1894A	小市上码头	泸州	105.4436	28.9026	105.453692	28.905537
1895A	兰田宪桥	泸州	105.4322	28.8558	105.442371	28.858558
1896A	市环监站	泸州	105.4322	28.8833	105.442348	28.886072
1897A	大塘山	自贡	104.7547	29.3628	104.763789	29.36628
1898A	盐马路	自贡	104.7214	29.3586	104.730553	29.361655
1899A	檀木林街	自贡	104.7747	29.3564	104.783836	29.359748
1900A	春华路	自贡	104.7692	29.3411	104.778331	29.34451
1901A	东山公园	德阳	104.4219	31.1208	104.431083	31.124745
1902A	西小区	德阳	104.3883	31.1333	104.397403	31.137444
1903A	市检察院	德阳	104.4053	31.1167	104.414424	31.12085
1904A	耐火材料厂	德阳	104.3539	31.1108	104.36309	31.114413
1905A	西山风景区	南充	106.056	30.8064	106.066406	30.810222
1906A	南充市委	南充	106.0789	30.8023	106.089302	30.806307
1907A	南充炼油厂	南充	106.1031	30.8217	106.113594	30.825459
1908A	高坪区监测站	南充	106.1064	30.7856	106.116921	30.789287
1909A	嘉陵区环保局	南充	106.0642	30.7636	106.074626	30.767523
1910A	市环境监测站	南充	106.1087	30.8388	106.119235	30.842477
1911A	丁字口	遵义	106.9222	27.6869	106.932419	27.689672
1912A	凤凰山	遵义	106.9242	27.7019	106.934427	27.704661
1913A	忠庄	遵义	106.8906	27.6486	106.900878	27.651145
1914A	舟水桥	遵义	106.9231	27.6506	106.93335	27.653379
1915A	干田坝	遵义	106.9178	27.72	106.928024	27.722784
1916A	环境监测站	曲靖	103.7897	25.5035	103.798167	25.50679
1917A	烟厂办公区	曲靖	103.8	25.5364	103.808428	25.539686
1918A	气象站	咸阳	108.7197	34.3956	108.730791	34.400523
1919A	中华小区	咸阳	108.6761	34.3181	108.687241	34.322446
1920A	师范学院	咸阳	108.7233	34.3617	108.73443	34.366598
1921A	中医学院	咸阳	108.7369	34.3164	108.748074	34.32112
1922A	党校	铜川	109.0656	35.0994	109.0772	35.105142
1923A	王益区政府	铜川	109.0697	35.0697	109.081317	35.075446
1924A	新区管委会	铜川	108.9344	34.9058	108.945532	34.910857
1925A	新区兰芝公司	铜川	108.9589	34.8731	108.97005	34.87834
1926A	枣园	延安	109.4131	36.6275	109.425141	36.633925
1927A	延大医附院	延安	109.4761	36.6028	109.48812	36.608764
1928A	市监测站	延安	109.4824	36.5767	109.494402	36.582548
1929A	百米大道	延安	109.5056	36.6106	109.51756	36.616395
1930A	庙沟村	宝鸡	107.1586	34.3708	107.169796	34.375824
1931A	竹园沟	宝鸡	107.0708	34.3017	107.082092	34.306321
1932A	三陆医院	宝鸡	107.1906	34.3672	107.201878	34.371759
1933A	监测站	宝鸡	107.1431	34.3547	107.154343	34.359687
1934A	技工学校	宝鸡	107.1186	34.3739	107.129971	34.378556
1935A	陈仓环保局	宝鸡	107.3906	34.3528	107.402007	34.357882
1936A	文理学院	宝鸡	107.2058	34.3497	107.217125	34.354033
1937A	三迪小学	宝鸡	107.2386	34.3622	107.249849	34.366679
1938A	农科所	渭南	109.5293	34.5101	109.540857	34.514801
1939A	日报社	渭南	109.5049	34.5004	109.516655	34.504808
1940A	体育馆	渭南	109.4636	34.493	109.475395	34.497825
1941A	高新一小	渭南	109.4266	34.5021	109.438366	34.507277
1942A	市科委	金昌	102.1878	38.5247	102.196401	38.530878
1943A	新川苑	金昌	102.1725	38.5339	102.18116	38.540084
1944A	公司二招	金昌	102.1708	38.5061	102.179435	38.512282
1945A	气象局	嘉峪关	98.2908	39.7711	98.297817	39.778186
1946A	酒钢耐材公司	嘉峪关				
1947A	沙湖旅游区	石嘴山	106.3394	38.817	106.350472	38.823788
1948A	大武口黄河东街	石嘴山	106.3717	39.0153	106.38303	39.021845
1949A	惠农南大街	石嘴山	106.7704	39.2282	106.7816	39.235096
1950A	红果子镇惠新街	石嘴山	106.7096	39.1292	106.720792	39.135867
1951A	长征新村	克拉玛依	84.8861	45.6033	84.89513	45.609898
1952A	南林小区	克拉玛依	84.8897	45.5828	84.898722	45.589367
1953A	白碱滩区	克拉玛依	85.1186	45.6886	85.128167	45.695593
1954A	独山子区	克拉玛依	84.8983	44.3336	84.907296	44.340177
1955A	乌尔禾区商贸楼	克拉玛依	85.6931	46.0872	85.702262	46.094174
1956A	孔雀公园	库尔勒	86.1461	41.7511	86.155145	41.758819
1957A	棉纺厂	库尔勒	86.2022	41.7192	86.211276	41.726418
1958A	经济开发区	库尔勒	86.2381	41.7128	86.247094	41.72004
1959A	监测站	寿光	118.746	36.881	118.758329	36.88716
1960A	世纪学校	寿光	118.78	36.864	118.79214	36.870685
1961A	环境监测站	章丘	117.541	36.71	117.553512	36.715857
1962A	明水开发区	章丘	117.541	36.71	117.553512	36.715857
1963A	环保局子站	即墨	120.61	36.44	120.621043	36.446293
1964A	开发区子站	即墨	120.47	36.39	120.481428	36.396638
1965A	JN子站	胶南	120.005	35.878	120.016632	35.884373
1966A	2号子站	胶南	120.039	35.872	120.050876	35.87791
1967A	胶州环保局	胶州	120.008	36.283	120.019709	36.289456
1968A	胶州一中	胶州	120.014	36.253	120.025745	36.259379
1969A	环保局子站	莱西	120.537	36.865	120.548427	36.871012
1970A	人民广场子站	莱西	120.515	36.885	120.526451	36.891265
1971A	1号	平度	119.952	36.792	119.96375	36.79805
1972A	2号	平度	119.976	36.799	119.987668	36.805537
1973A	蓬莱环保局	蓬莱	120.747	37.825	120.758522	37.831808
1974A	蓬莱博物馆	蓬莱	120.773	37.809	120.7846	37.815475
1975A	招远环保局	招远	120.399	37.374	120.41086	37.380726
1976A	招远教育局	招远	120.394	37.364	120.405845	37.3708
1977A	莱州环保局	莱州	119.941	37.177	119.952807	37.183177
1978A	莱州外经委	莱州	119.959	37.18	119.970765	37.186451
1979A	荣成市环保局办公楼	荣成	122.471	37.154	122.48244	37.160544
1980A	山东成山轮胎公司	荣成	122.41	37.161	122.421399	37.168153
1981A	文登市环保局	文登	122.038	37.197	122.04936	37.204198
1982A	文登市丝绸公司	文登	122.019	37.187	122.030329	37.19402
1983A	乳山市环保局	乳山	121.531	36.913	121.542315	36.919542
1984A	乳山市气象局	乳山	121.544	36.907	121.555219	36.913701
1985A	吴江市环保局	吴江	120.636	31.155	120.646724	31.158592
1986A	教师进修学校	吴江	120.635	31.17	120.645713	31.173613
1987A	吴江开发区	吴江	120.658	31.172	120.668802	31.175459
1988A	昆山实验小学	昆山	120.953	31.388	120.963646	31.392267
1989A	震川中学	昆山	120.999	31.381	121.009959	31.384799
1990A	海虞子站	常熟	120.758	31.67	120.768947	31.673844
1991A	兴福子站	常熟	120.721	31.671	120.731784	31.675396
1992A	菱塘子站	常熟	120.734	31.656	120.744823	31.660265
1993A	张家港市监测站	张家港	120.526	31.874	120.536944	31.87764
1994A	城北小学	张家港	120.55	31.882	120.560849	31.885631
1995A	太仓市监测站	太仓	121.115	31.453	121.126193	31.457062
1996A	科教新城实小	太仓	121.14	31.422	121.151181	31.425842
1997A	消防指挥中心	句容	119.146	31.955	119.157858	31.959465
1998A	房家坝	句容	119.18	31.955	119.191849	31.959168
1999A	虹桥邮政	江阴	120.268	31.92	120.279125	31.923979
2000A	五星公园	江阴	120.237	31.909	120.248025	31.913383
2001A	第二实验小学	江阴	120.302	31.92	120.313226	31.92373
2002A	宜兴市环保局	宜兴	119.818	31.354	119.829463	31.357584
2003A	宜园	宜兴	119.794	31.371	119.805472	31.374821
2004A	金坛市环境监测站	金坛	119.579	31.751	119.590518	31.754512
2005A	金坛市自来水公司	金坛	119.579	31.737	119.59053	31.740517
2006A	溧阳市东门子站	溧阳	119.46	31.4	119.471868	31.403782
2007A	燕山子站	溧阳	119.438	31.317	119.4499	31.320915
2008A	海门市监测站	海门	121.173	31.896	121.184028	31.900269
2009A	蓓蕾幼儿园	海门	121.1518	31.89708	121.162971	31.90101
2010A	市政府	临安	119.7183	30.2366	119.729722	30.239995
2011A	四中	临安	119.6942	30.2311	119.705652	30.234225
2012A	监测站	富阳	119.954	30.054	119.965125	30.057212
2013A	富春二小	富阳	119.946	30.049	119.957143	30.052093
2014A	江东	义乌	120.091	29.305	120.102232	29.308637
2015A	北苑	义乌	120.04	29.334	120.051274	29.337224
2016A	图书馆	诸暨	120.251	29.719	120.261858	29.722766
2017A	富林印务	诸暨	120.209	29.732	120.219966	29.735613
2018A	抱龙山庄	瓦房店	121.989	39.625	122.000691	39.63202
2019A	东山公园	瓦房店	122.011	39.617	122.022638	39.624471
2031A	云田中学	株洲	113.1817	27.9958	113.193971	27.998602
2054A	平桥分局	信阳	114.1044	32.1078	114.116688	32.112165
2064A	南湾水厂	信阳	114.0122	32.1403	114.024405	32.144409
2065A	市酿酒公司	信阳	114.0681	32.1342	114.080539	32.137983
2066A	审计局	信阳	114.0614	32.1383	114.073852	32.14201
2067A	市环境监测站	周口	114.6613	33.6128	114.673308	33.616856
2068A	周口师范	周口	114.6758	33.6347	114.6878	33.638965
2069A	市运管处	周口	114.6546	33.5979	114.666584	33.601913
2070A	川汇区环保局	周口	114.6369	33.6406	114.648836	33.644744
2073A	蓝田	漳州	117.7206	24.5086	117.73196	24.512093
2074A	漳州三中	漳州	117.6569	24.5157	117.668301	24.518395
2075A	九湖	漳州	117.6336	24.4674	117.644884	24.470259
2160A	自来水公司	晋城	112.85	35.5051	112.86271	35.510367
2161A	白云商贸	晋城	112.835	35.4934	112.847685	35.498829
2162A	市环保局	晋城	112.8564	35.4883	112.869093	35.493539
2163A	技术学院	晋城	112.8664	35.4894	112.879057	35.494692
2164A	泽州一中	晋城	112.8252	35.4813	112.837854	35.486902
2165A	白马寺	晋城	112.8453	35.546	112.858046	35.551339
2166A	平朔	朔州	112.44	39.3514	112.453223	39.358878
2167A	朔唯	朔州	112.4549	39.3606	112.468157	39.367882
2168A	区政府	朔州	112.4254	39.3179	112.438638	39.325372
2169A	市环保局	朔州	112.4078	39.3265	112.42113	39.333758
2170A	市二中	朔州	112.4279	39.3673	112.441159	39.374816
2171A	锦纶小区	晋中	112.7549	37.7019	112.767967	37.708443
2172A	榆次液压件厂	晋中				
2173A	南都小区	晋中	112.7306	37.7111	112.743716	37.717449
2174A	榆次区政府	晋中	112.7105	37.7087	112.723512	37.715241
2175A	运城中学	运城	110.9956	35.0147	111.00774	35.020245
2176A	禹都开发区	运城	111.0233	35.0611	111.035707	35.066472
2177A	运城学院	运城				
2178A	地区技校	运城	110.9678	35.0308	110.979913	35.036013
2179A	空港新区	运城	111.0414	35.1147	111.053945	35.119892
2180A	机引	忻州	112.7356	38.4186	112.748806	38.424856
2181A	开发区	忻州	112.7383	38.4519	112.751501	38.458166
2182A	会展中心	忻州	112.7003	38.4928	112.713287	38.499404
2183A	环保局	吕梁	111.1406	37.5211	111.153437	37.527935
2184A	豆制品厂	吕梁				
2185A	自来水公司	吕梁	111.1297	37.5136	111.142492	37.520619
2186A	聚英学校	乌海	106.8219	39.6719	106.833096	39.678855
2187A	市林业局	乌海	106.8089	39.6969	106.820044	39.704065
2188A	中海勃湾学校	乌海	106.7931	39.6572	106.804251	39.664468
2189A	通辽宾馆	通辽	122.2603	43.6267	122.272248	43.635345
2190A	胶建铝业	通辽	122.3039	43.6156	122.316011	43.62404
2191A	艺术职业学校	通辽	122.2532	43.6801	122.265204	43.688619
2192A	区环保局	呼伦贝尔	119.7594	49.2261	119.773142	49.234393
2193A	市艺校	呼伦贝尔	119.7283	49.2014	119.742137	49.209446
2194A	秋林养殖基地	巴彦淖尔	107.5936	40.916	107.605353	40.923049
2195A	附中	巴彦淖尔	107.4211	40.7608	107.433172	40.768311
2196A	市环保大楼	巴彦淖尔	107.3715	40.7378	107.383529	40.74535
2197A	集宁新区	乌兰察布	113.1306	40.9923	113.144313	41.000204
2198A	集宁旧区西	乌兰察布	113.0974	41.038	113.111319	41.045503
2199A	盟监测站	兴安盟	122.062	46.0872	122.07469	46.095263
2200A	胜华新制药厂	兴安盟	122.0506	46.0703	122.063171	46.07854
2201A	科右前旗环保局	兴安盟	121.9462	46.0756	121.958526	46.083288
2202A	市环保监测站	锡林郭勒盟	116.1042	43.9317	116.117715	43.93966
2203A	市政府	锡林郭勒盟	116.0781	43.9311	116.091599	43.939097
2204A	体育场	阿拉善盟	105.6775	38.8343	105.688188	38.840645
2205A	盟环保楼	阿拉善盟	105.6975	38.843	105.708124	38.849701
2206A	环保局新楼	阿拉善盟	105.724	38.8516	105.734643	38.858446
2207A	工业园区	阜新	121.6178	41.9967	121.629742	42.004377
2208A	长青街	阜新	121.6561	42.0186	121.667929	42.026901
2209A	农业园区	阜新	121.6972	42.0503	121.709136	42.058601
2210A	东苑	阜新	121.6722	42.0228	121.684013	42.031287
2211A	玉龙新城	阜新	121.6592	42.0486	121.671015	42.056947
2212A	宏伟区	辽阳	123.2	41.1953	123.212304	41.203283
2213A	新华园	辽阳	123.15	41.2553	123.16237	41.263375
2214A	滨河路	辽阳	123.1761	41.2736	123.188528	41.281389
2215A	铁西工业园	辽阳	123.1417	41.2894	123.154061	41.29768
2216A	汇工街西	铁岭	123.8139	42.3022	123.826274	42.310554
2217A	水上乐园	铁岭	123.8831	42.2953	123.895487	42.303055
2218A	银州路东段	铁岭	123.8489	42.2864	123.861165	42.294778
2219A	金沙江路北	铁岭	123.7153	42.2217	123.727661	42.230285
2220A	西梁	朝阳	120.4439	41.5931	120.456098	41.601398
2221A	河畔小区	朝阳	120.4486	41.5672	120.460774	41.575577
2222A	八里堡	朝阳	120.4247	41.5647	120.437071	41.572724
2223A	农业园区	朝阳	120.3939	41.615	120.406234	41.623171
2224A	监测站	四平	124.3419	43.1747	124.354562	43.183299
2225A	一商场	四平	124.3711	43.1594	124.38396	43.167635
2226A	境园	四平	124.3897	43.1847	124.402549	43.193079
2227A	环保局	辽源	125.1358	42.8947	125.148643	42.903463
2228A	污水处理厂	辽源	125.1567	42.8953	125.169453	42.904176
2229A	光明	通化	125.9361	41.7156	125.948365	41.723381
2230A	铁路	通化	125.9486	41.7381	125.960855	41.746005
2231A	喜丰	白山	126.4047	41.9206	126.417202	41.928792
2232A	环保局	白山	126.4078	41.9419	126.420292	41.95006
2233A	江南	松原	124.8292	45.0878	124.841995	45.095642
2234A	江北	松原	124.8528	45.1642	124.865686	45.171759
2235A	洮北区环保局	白城	122.8444	45.6289	122.856786	45.636813
2236A	市环保局	白城	122.8211	45.6175	122.833655	45.625108
2237A	妇幼医院	延边州	129.4892	42.8939	129.502626	42.902682
2238A	延边医院	延边州	129.5042	42.9061	129.517656	42.914557
2239A	朝阳川镇医院	延边州	129.3675	42.8775	129.38103	42.886429
2240A	环保局　	鸡西	130.962	45.2924	130.976052	45.300217
2241A	自来水公司　	鸡西	130.9817	45.305	130.995832	45.312854
2242A	白酒厂　	鸡西	131.0103	45.2948	131.024399	45.303249
2243A	气象局　	鸡西	130.9298	45.2978	130.943546	45.306134
2244A	哈啤分公司	鹤岗	130.2659	47.3349	130.280317	47.343014
2245A	斯达机电	鹤岗	130.261	47.2753	130.275417	47.283332
2246A	东山纸板厂	鹤岗	130.3172	47.3489	130.33146	47.357755
2247A	五号水库	鹤岗	130.1097	47.3382	130.124348	47.346626
2248A	双合村	双鸭山	131.1638	46.6572	131.178276	46.66574
2249A	南小市	双鸭山	131.1651	46.619	131.179586	46.627515
2250A	环保局	双鸭山	131.1516	46.6462	131.166073	46.654831
2251A	苗圃	双鸭山	131.1572	46.5888	131.171691	46.597403
2252A	中心医院	伊春	128.8736	47.7222	128.88696	47.730803
2253A	林管局	伊春	128.9094	47.7317	128.922969	47.739772
2254A	汤旺河国家公园	伊春	129.4942	48.4658	129.508688	48.474162
2255A	佳纺	佳木斯	130.2719	46.8025	130.286181	46.810457
2256A	发电厂	佳木斯	130.3961	46.8267	130.410622	46.834934
2257A	环保局	佳木斯	130.3258	46.7975	130.340011	46.806033
2258A	十一中	佳木斯	130.3648	46.8032	130.379351	46.811148
2259A	四丰	佳木斯	130.3794	46.7588	130.393944	46.766738
2260A	环保局	七台河	131.0032	45.7677	131.017413	45.775952
2261A	新建　	七台河	130.8625	45.8194	130.876519	45.827101
2262A	葫头沟	七台河	130.9467	45.8309	130.960702	45.838872
2263A	交通局　	黑河	127.4961	50.2486	127.51016	50.255935
2264A	党校	黑河	127.5044	50.2391	127.518397	50.24648
2265A	地震局　	黑河	127.4143	50.2538	127.428365	50.261899
2266A	人和东街	绥化	126.9934	46.6384	127.006395	46.646178
2267A	党政办公中心	绥化	126.9636	46.6527	126.976268	46.660916
2268A	环保局	大兴安岭地区	124.1186	50.4269	124.132861	50.434316
2269A	公安局	大兴安岭地区	124.1303	50.4217	124.144573	50.429015
2270A	工人疗养院	蚌埠	117.3961	32.939	117.408521	32.943111
2271A	百货大楼	蚌埠	117.3575	32.9444	117.369706	32.949028
2272A	二水厂	蚌埠	117.3086	32.935	117.320863	32.93893
2273A	蚌埠学院	蚌埠	117.4186	32.8913	117.431059	32.89524
2274A	淮上区政府	蚌埠	117.3536	32.9673	117.365782	32.971938
2275A	高新区	蚌埠	117.3065	32.8985	117.318769	32.90238
2276A	大通区政府	淮南	117.0417	32.6611	117.05389	32.664914
2277A	潘集区政府	淮南	116.8028	32.7639	116.814663	32.767582
2278A	师范学院	淮南	117.0083	32.645	117.020198	32.649252
2279A	谢家集区政府	淮南	116.8556	32.6028	116.867211	32.606783
2280A	八公山区政府	淮南	116.8306	32.6319	116.84238	32.635515
2281A	焦岗湖风景区管理处	淮南	116.7039	32.625	116.71571	32.628597
2282A	监测站	淮北	116.8008	33.975	116.812789	33.979318
2283A	烈山区政府	淮北	116.8067	33.8997	116.818678	33.903931
2284A	职业技术学院	淮北	116.7844	33.9461	116.796303	33.950693
2285A	市第四中学	铜陵	117.8178	30.9414	117.829554	30.945317
2286A	市公路局	铜陵	117.8078	30.9222	117.819621	30.925958
2287A	市新民污水厂	铜陵	117.7806	30.9414	117.792581	30.944814
2288A	市第九中学	铜陵	117.7442	30.8811	117.75615	30.884847
2289A	车站新区	铜陵	117.8561	30.9219	117.867776	30.925668
2290A	市职教基地	铜陵	117.8472	30.9697	117.858892	30.973643
2291A	环科院	安庆	117.0549	30.5103	117.066948	30.51365
2292A	马山宾馆	安庆	117.0331111	30.51197222	117.045039	30.515474
2293A	联富花园	安庆	117.0486	30.5489	117.060604	30.552261
2294A	安庆大学	安庆	116.9894	30.6145	117.00103	30.618397
2295A	延安路89号	黄山	118.3057	29.7128	118.317264	29.716658
2296A	黄山东路89号	黄山	118.3236	29.7207	118.335189	29.724594
2297A	黄山区政府5号楼	黄山	118.1371	30.2756	118.149101	30.27893
2298A	老年大学	滁州	118.3094	32.3153	118.321219	32.31963
2299A	人大宾馆	滁州	118.3244	32.2786	118.336229	32.282921
2300A	监测站	滁州	118.3158	32.3061	118.327626	32.310454
2301A	市监测站	阜阳	115.8275	32.8928	115.839366	32.896734
2302A	市委党校	阜阳				
2303A	开发区	阜阳	115.8556	32.8603	115.867447	32.86386
2304A	监测楼	宿州	116.9765	33.6481	116.988388	33.652782
2305A	一中	宿州	116.9677	33.6284	116.979602	33.632904
2306A	火车站	宿州	116.989	33.63063889	117.000906	33.635484
2307A	监测大楼	六安	116.508	31.7371	116.519542	31.741401
2308A	皖西学院	六安	116.478	31.7618	116.489746	31.765732
2309A	朝阳厂	六安	116.5068	31.7797	116.518329	31.783985
2310A	开发区	六安	116.5661	31.7712	116.577641	31.774713
2311A	污水处理厂	亳州	115.8067	33.8399	115.818602	33.844699
2312A	三国揽胜宫	亳州	115.7831	33.8561	115.795067	33.86095
2313A	环保大楼	池州	117.4808	30.6414	117.492736	30.645402
2314A	池州学院	池州	117.4697	30.6617	117.481653	30.665746
2315A	平天湖	池州	117.4974	30.6539	117.509326	30.657652
2316A	鳌峰子站	宣城	118.7581	30.9447	118.769746	30.948359
2317A	敬亭山子站	宣城	118.7386	30.9742	118.750332	30.977656
2318A	开发区子站	宣城	118.7175	30.9431	118.729147	30.946644
2319A	荔城区仓后路	莆田	119.0156	25.442	119.026825	25.445433
2320A	莆田市监测站	莆田	119.0018	25.4552	119.013045	25.458342
2321A	涵江区六中	莆田	119.1117	25.4556	119.123183	25.458753
2322A	秀屿区政府	莆田	119.1015	25.3214	119.112986	25.324469
2323A	东圳水库	莆田	118.981	25.4792	118.992242	25.481998
2324A	三钢	三明	117.6211	26.2625	117.632449	26.265128
2325A	三明二中	三明	117.6353	26.2708	117.646728	26.273188
2326A	三元区政府	三明	117.6028	26.2378	117.614085	26.240682
2327A	洋溪	三明	117.7275	26.3108	117.739006	26.313783
2331A	茫荡山	南平	118.0966	26.6761	118.108231	26.679061
2332A	南平市监测站	南平	118.1694	26.6383	118.180889	26.641104
2333A	南平铝业有限公司	南平	118.1819	26.6514	118.193328	26.654376
2334A	南平七中	南平	118.1756	26.6272	118.187039	26.630097
2335A	龙岩师专	龙岩	117.0181	25.1174	117.029477	25.120783
2336A	龙岩市监测站	龙岩	117.0216	25.1035	117.033001	25.106829
2337A	闽西职业技术学院	龙岩	117.0256	25.0661	117.036996	25.069356
2338A	龙岩学院	龙岩	117.0151	25.0311	117.026422	25.034509
2339A	金涵水库	宁德	119.5001	26.6946	119.511307	26.697492
2340A	蕉城区农机局	宁德	119.5202	26.6607	119.531315	26.663629
2341A	宁德市监测站	宁德	119.5392	26.6611	119.550302	26.663746
2342A	王岗中学	景德镇	117.3097	29.3864	117.321608	29.389564
2343A	老干部活动中心	景德镇	117.2111	29.2958	117.22286	29.299244
2344A	兽医站	景德镇	117.1983	29.2786	117.210116	29.281816
2345A	台达陶瓷	景德镇	117.1558	29.2647	117.167692	29.267902
2346A	陶研所	景德镇	117.2461	29.2956	117.2578	29.299193
2347A	武功山气象站	萍乡	114.0944	27.4948	114.106357	27.497894
2348A	中医院	萍乡	113.8381	27.6428	113.849996	27.64531
2349A	市政府车库	萍乡	113.8447	27.6231	113.856548	27.625714
2350A	市环保局	萍乡	113.8686	27.6442	113.880313	27.647099
2351A	安源区政府	萍乡	113.865	27.6178	113.876722	27.620679
2352A	北岗	新余	115.0586	27.7758	115.070298	27.778916
2353A	飞宇	新余	114.9831	27.8344	114.994593	27.837106
2354A	第二水厂	新余	114.9289	27.8328	114.94024	27.83542
2355A	市气象局	新余	114.9314	27.8036	114.942725	27.80627
2356A	新钢氧气厂	新余	114.9119	27.8042	114.923283	27.806521
2357A	龙虎山	鹰潭	116.9622	28.095	116.973623	28.097551
2358A	新监测站	鹰潭	117.0564	28.2642	117.068233	28.2667
2359A	财苑宾馆	鹰潭	117.0281	28.2403	117.039792	28.243028
2360A	体育馆	鹰潭	117.0222	28.2264	117.033843	28.22922
2361A	三川水表	鹰潭	116.9983	28.2169	117.009772	28.219945
2362A	通天岩	赣州	114.9064	25.9118	114.917661	25.914254
2363A	地委	赣州	114.9367	25.8664	114.947891	25.869395
2364A	气象台	赣州	114.9461	25.8481	114.957301	25.851239
2365A	市图书馆	赣州	114.9322	25.8333	114.94342	25.836244
2366A	华坚鞋城	赣州	114.8905	25.8471	114.901793	25.84956
2367A	红声器材厂	吉安	114.9817	27.0658	114.993131	27.068465
2368A	市森林工业局	吉安	114.9739	27.11	114.985267	27.112783
2369A	市环境监测站	吉安	114.99	27.1311	115.00151	27.133661
2370A	青原区法院	吉安	115.0075	27.0983	115.019097	27.100668
2371A	槟榔水业	宜春	114.3442	27.8036	114.355892	27.806735
2372A	市中国银行	宜春	114.3806	27.8014	114.392386	27.804367
2373A	市石油公司	宜春	114.3953	27.7842	114.407164	27.786928
2374A	市气象局	宜春	114.3703	27.7914	114.382046	27.794521
2375A	市广电局	宜春	114.4011	27.8072	114.412966	27.809843
2376A	桐源党溪	抚州	116.2239	28.0797	116.235367	28.082101
2377A	市站	抚州	116.3553	27.9883	116.366868	27.990994
2378A	血防站	抚州	116.3598	27.9639	116.371337	27.966676
2379A	采茶剧团	抚州	116.3574	28.0005	116.368963	28.00323
2380A	医学分院	抚州	116.385	27.9647	116.396473	27.967902
2381A	百草园	上饶	118.0058	28.4569	118.017531	28.459352
2382A	市监测站	上饶	117.973	28.4459	117.9845	28.448772
2383A	凤凰光学	上饶	117.9511	28.4622	117.962531	28.465166
2384A	开发区管委会	上饶	117.9033	28.4303	117.914822	28.432529
2385A	市监测站	鹤壁	114.17	35.9019	114.182734	35.907612
2386A	市交警支队	鹤壁	114.2956	35.7511	114.308131	35.75669
2387A	迎宾馆	鹤壁	114.2878	35.7306	114.300304	35.736184
2388A	科技学院	新乡	113.926	35.279	113.938502	35.284083
2389A	环保西院	新乡	113.836	35.31	113.848618	35.315354
2390A	开发区	新乡	113.884	35.272	113.896332	35.277675
2391A	环保东院	新乡	113.883	35.303	113.89536	35.308723
2392A	环保局	濮阳	115.031	35.763	115.043473	35.768788
2393A	天威	濮阳	114.9906	35.767	115.002891	35.772778
2394A	油田运输公司	濮阳	115.0628	35.7672	115.07521	35.773566
2395A	油田物探公司	濮阳	115.0772	35.767	115.089619	35.773436
2396A	监测站	许昌	113.8331	34.0117	113.845595	34.015992
2397A	环保局	许昌	113.8208	34.0314	113.833356	34.035579
2398A	开发区	许昌	113.7906	33.9953	113.803201	33.999734
2399A	三五一五工厂	漯河	114.056	33.567	114.068595	33.571263
2400A	漯河大学	漯河	114.005	33.568	114.017294	33.572759
2401A	水利局	漯河	114.014	33.581	114.026356	33.585677
2402A	广电局	漯河	114.0322	33.5653	114.044692	33.569707
2403A	环保局　	南阳	112.5192	32.9917	112.531593	32.995642
2404A	瓦房庄	南阳	112.5224	33.0122	112.534788	33.016208
2405A	汉画馆	南阳	112.5003	32.9735	112.512815	32.977249
2406A	气象站	南阳	112.5573	33.027	112.569497	33.031303
2407A	理工学院	南阳	112.55	32.9683	112.562172	32.972562
2408A	环境监测站　	商丘	115.6697	34.4286	115.681629	34.433604
2409A	粮食局　	商丘	115.6558	34.429	115.667745	34.433836
2410A	睢阳区环保局　	商丘	115.6386	34.407	115.650596	34.411492
2411A	第三人民医院　	商丘	115.6578	34.402	115.669732	34.406851
2420A	市一纸厂　	驻马店	114.018	32.965	114.030324	32.969251
2421A	市彩印厂　	驻马店	114.0131	33.0069	114.025415	33.011251
2422A	天方二分厂　	驻马店	113.996	32.996	114.008211	33.000442
2423A	沈家营	黄石	115.0625	30.2352	115.074376	30.23911
2424A	陈家湾	黄石	115.0767	30.2028	115.08857	30.206787
2425A	新下陆	黄石	114.9551	30.1765	114.966623	30.180194
2426A	铁山	黄石	114.8949	30.2043	114.906504	30.207238
2427A	经济开发区	黄石	115.0264	30.2099	115.03831	30.213164
2428A	武当山	十堰	111.0419	32.395	111.054186	32.398658
2429A	滨河新村	十堰	110.78	32.6494	110.791823	32.653329
2430A	刘家沟	十堰	110.7258	32.6389	110.737592	32.642765
2431A	铁二处	十堰	110.8839	32.5714	110.895559	32.575357
2432A	襄城运动路	襄阳	112.155	32.0197	112.167551	32.023541
2433A	樊城新华路	襄阳	112.1392	32.0564	112.151868	32.060096
2434A	高新管委会	襄阳	112.1825	32.1142	112.194879	32.1184
2435A	襄州航空路	襄阳	112.2106	32.0903	112.222956	32.094407
2436A	市政府	鄂州	114.8878	30.3944	114.899453	30.397396
2437A	赵家坝	鄂州	114.8989	30.3714	114.910541	30.374368
2438A	凡口开发区	鄂州	114.8131	30.4133	114.824745	30.416876
2439A	竹园小学	荆门	112.2014	31.0483	112.213624	31.052401
2440A	掇刀	荆门	112.1969	30.9892	112.209161	30.993305
2441A	石化一小	荆门	112.2211	31.0386	112.233366	31.042413
2442A	市政府	荆门	112.1931	31.0375	112.205339	31.041633
2443A	文化路	孝感	113.9153	30.9285	113.92732	30.931838
2444A	东城区	孝感	113.942	30.9075	113.954084	30.910729
2445A	大洲岛	黄冈	114.8857	30.4522	114.897316	30.455216
2446A	职工中心	黄冈	114.9028	30.4742	114.914428	30.477208
2447A	森林公园	咸宁	114.3036	29.8181	114.315566	29.821298
2448A	市发改委	咸宁	114.3231	29.8211	114.335019	29.824612
2449A	咸安区政府	咸宁	114.2894	29.8539	114.301335	29.857048
2450A	长江产业园	咸宁	114.3372	29.8686	114.34907	29.872376
2451A	市委党校	随州	113.3583	31.7275	113.371034	31.731505
2452A	市林业局	随州	113.3833	31.6908	113.395951	31.695224
2453A	市立交桥水厂	随州	113.3983	31.7308	113.410952	31.735268
2454A	湖北民院	恩施州	109.5039	30.2989	109.515312	30.301997
2455A	州电力总公司	恩施州	109.4689	30.2819	109.480366	30.285329
2456A	原169医院	衡阳	112.5328	26.9089	112.544607	26.911541
2457A	衡阳化工总厂	衡阳	112.6194	26.9258	112.631238	26.927897
2458A	珠晖区环保局	衡阳	112.6211	26.8956	112.632931	26.897699
2459A	市委党校	衡阳	112.6197	26.8733	112.631508	26.875381
2460A	市监测站	衡阳	112.6006	26.8919	112.612395	26.894057
2461A	真空机电公司	衡阳	112.5664	26.9056	112.5781	26.908309
2462A	市水土所	邵阳	111.5239	27.3033	111.535882	27.305628
2463A	市一中	邵阳	111.4733	27.2317	111.485261	27.234774
2464A	市化工厂	邵阳	111.4908	27.2582	111.502767	27.261122
2465A	市罐头厂	邵阳	111.4503	27.2537	111.462393	27.256608
2466A	市环保局	邵阳	111.4328	27.2272	111.444963	27.229834
2467A	甘溪港	益阳	112.4067	28.6428	112.418939	28.645779
2468A	市环保局	益阳	112.3458	28.5808	112.358021	28.583628
2469A	市特殊教育学校	益阳	112.3439	28.56	112.356088	28.562844
2470A	资阳区政务中心	益阳	112.3347	28.6047	112.346853	28.607708
2471A	赫山环保分局	益阳	112.3744	28.5819	112.386747	28.584461
2472A	马头岭	郴州	113.0073	25.9061	113.019269	25.909083
2473A	市职中	郴州	113.0116	25.8226	113.023594	25.825731
2474A	兴隆步行街	郴州	113.0119	25.8179	113.023891	25.82104
2475A	市审计局	郴州	113.0383	25.8071	113.050322	25.810521
2476A	市环保局	郴州	113.0348	25.7759	113.046783	25.779333
2477A	零陵南津渡	永州	111.6217	26.2081	111.633446	26.210683
2478A	市环境监测站	永州	111.6156	26.4214	111.627332	26.423977
2479A	零陵区环保局	永州	111.6236	26.2331	111.635335	26.235632
2480A	永州市环保局	永州	111.5992	26.4364	111.610885	26.439137
2481A	冷水滩区环保局	永州	111.5989	26.4519	111.610578	26.454632
2482A	林科所	怀化	109.9333	27.5733	109.944239	27.576019
2483A	河西地税局	怀化	109.9453	27.5444	109.956326	27.546949
2484A	市四医院	怀化	109.9792	27.5342	109.990409	27.536508
2485A	监测楼	怀化	109.9972	27.5578	110.008401	27.560343
2486A	市委党校	怀化	110.0394	27.583	110.050617	27.58612
2487A	电视发射台	娄底	111.9975	27.725	112.009589	27.727486
2488A	市监测站	娄底	111.9975	27.725	112.009589	27.727486
2489A	市委党校	娄底	112.0194	27.7314	112.031592	27.733839
2490A	涟钢	娄底	111.9561	27.7569	111.967952	27.759819
2491A	市政府	娄底	111.9892	27.7044	112.00121	27.706989
2492A	跃进水库	湘西州	109.6414	28.2558	109.652483	28.258196
2493A	州政府	湘西州	109.7325	28.3169	109.743811	28.319184
2494A	吉首市计生局	湘西州	109.6958	28.2675	109.706931	28.270219
2495A	市环保	梧州	111.2897	23.4792	111.301387	23.482301
2496A	云盖小学	梧州	111.3178	23.475	111.329515	23.47835
2497A	龙圩	梧州	111.2353	23.415	111.246807	23.418731
2498A	龙新	梧州	111.26	23.4794	111.271552	23.482881
2499A	沙万	防城港	108.3411	21.6158	108.351539	21.619553
2500A	防城镇政府	防城港	108.3511	21.7631	108.361551	21.766899
2501A	大海花园	防城港	108.3506	21.6414	108.361046	21.645244
2502A	市环保站	钦州	108.6236	21.9667	108.633799	21.969827
2503A	市农科院	钦州	108.6553	21.9508	108.665617	21.953607
2504A	港区一小	钦州	108.5989	21.7431	108.609025	21.746596
2505A	德智高中	贵港	109.5681	23.1478	109.578743	23.151197
2506A	江南子站　	贵港	109.6042	23.0672	109.61497	23.07002
2507A	贵城子站	贵港	109.6014	23.0944	109.612154	23.097259
2508A	荷城子站	贵港	109.5683	23.1036	109.578955	23.10698
2509A	寒山水库	玉林	110.1106	22.7019	110.121749	22.704989
2510A	市监测站	玉林	110.1675	22.6411	110.178427	22.644589
2511A	南江一中	玉林	110.1433	22.6164	110.154294	22.61993
2512A	市监测站	百色	106.6103	23.9011	106.620289	23.903896
2513A	市中心血站	百色	106.6527	23.8844	106.662664	23.887657
2514A	环保小区	贺州	111.5269	24.4175	111.538672	24.420244
2515A	政协大楼	贺州	111.5622	24.4072	111.573849	24.41013
2516A	东仁乐园	河池	108.2134	24.7121	108.223914	24.715318
2517A	市环保站	河池	108.054	24.6928	108.064778	24.695685
2518A	市疾控中心	河池	108.1009	24.6967	108.111585	24.700182
2519A	来宾二中	来宾	109.2131	23.7208	109.223851	23.72438
2520A	来冶招待所	来宾	109.2317	23.7369	109.242504	23.740155
2521A	市环保局江州分局	崇左	107.3476	22.4137	107.358262	22.416655
2522A	城南新区	崇左	107.3701	22.3708	107.380766	22.374137
2523A	黑石坡	广元	105.8945	32.4535	105.904759	32.456733
2524A	老城	广元	105.8242	32.4429	105.834385	32.446803
2525A	南坝	广元	105.8153	32.4246	105.825536	32.428406
2526A	监测站	广元	105.8624	32.4285	105.872578	32.432143
2527A	石溪浩	遂宁	105.7519	30.5797	105.762117	30.583016
2528A	市监测站	遂宁	105.68	30.6133	105.690129	30.616544
2529A	行政中心	遂宁	105.8161	30.6347	105.826226	30.638224
2530A	美宁食品公司	遂宁	105.5956	30.475	105.605413	30.478507
2531A	市监测站	内江	105.0331	29.5953	105.042756	29.598572
2532A	东兴区政府	内江	105.0717	29.5947	105.081522	29.597926
2533A	内江二中	内江	105.0653	29.5817	105.075134	29.584856
2534A	内江日报社	内江	105.0406	29.5822	105.050328	29.585384
2535A	乐山大佛景区	乐山	103.7705	29.5467	103.779217	29.549992
2536A	牛耳桥	乐山	103.7627	29.5844	103.771438	29.587578
2537A	市第三水厂	乐山	103.7506	29.6007	103.759371	29.60372
2538A	市监测站	乐山	103.757	29.5634	103.76578	29.566493
2539A	蟆颐观	眉山	103.8986	30.0506	103.907118	30.053899
2540A	气象局	眉山	103.8416	30.0874	103.850261	30.090384
2541A	旭光小区	眉山	103.8495	30.0691	103.85818	30.071997
2542A	市监测站	眉山	103.8341	30.062	103.842763	30.065109
2543A	小平旧居	广安	106.631	30.518	106.64138	30.521019
2544A	市委	广安	106.6303	30.4576	106.640639	30.460582
2545A	友谊中学	广安	106.6271	30.4663	106.637447	30.469249
2546A	人工湖	广安	106.6406	30.4844	106.650943	30.487554
2547A	广电花园	广安	106.6388	30.4551	106.649124	30.458209
2548A	达州职业技术学院	达州	107.5272	31.2797	107.538085	31.283678
2549A	市环境监测站	达州	107.525	31.215	107.535909	31.218983
2550A	凤凰小区	达州	107.4967	31.2108	107.507727	31.214759
2551A	达县机关宾馆	达州	107.5069	31.1956	107.517845	31.199628
2552A	市政中心	达州	107.4611	31.2058	107.472372	31.209367
2553A	大兴526台	雅安	103.009	30.0125	103.017445	30.01556
2554A	建安厂	雅安	103.0013	29.9899	103.009667	29.993008
2555A	市政府	雅安	103.0109	29.9834	103.019329	29.986445
2556A	川农大	雅安	103.0001	29.9816	103.008452	29.984719
2557A	南龛公园	巴中	106.7583	31.8475	106.769005	31.851207
2558A	市环保局	巴中	106.7389	31.8711	106.749627	31.874601
2559A	巴中中学	巴中	106.7594	31.8531	106.770096	31.856821
2560A	市六中	巴中	106.7608	31.8456	106.771495	31.849346
2561A	莲花山	资阳	104.6617	30.1366	104.670689	30.139909
2562A	资阳中学	资阳	104.6356	30.1506	104.644458	30.154085
2563A	四三一厂	资阳	104.6289	30.1377	104.637744	30.141145
2564A	师范校	资阳	104.6469	30.1142	104.65577	30.117659
2565A	区法院	资阳	104.6294	30.1259	104.638234	30.129345
2566A	州农科所	阿坝州	102.1755	31.9286	102.183851	31.932126
2567A	州监测站	阿坝州	102.2218	31.9025	102.229875	31.906455
2568A	马师校	阿坝州	102.2402	31.8934	102.24822	31.89745
2569A	将军桥	甘孜州	101.9628	30.0506	101.970863	30.053698
2570A	水桥子	甘孜州	101.9603	30.0475	101.96837	30.050556
2571A	青龙寺	凉山州	102.3419	27.8094	102.349945	27.812294
2572A	邛海宾馆	凉山州	102.2714	27.8408	102.279411	27.843335
2573A	西昌市政府	凉山州	102.2625	27.8978	102.270477	27.900463
2574A	凉山州政府	凉山州	102.2689	27.8847	102.276918	27.887271
2575A	长安	凉山州	102.2311	27.8953	102.239038	27.898156
2576A	窑上	六盘水	104.8	26.5892	104.809113	26.591446
2577A	黄土坡	六盘水	104.83	26.5917	104.839098	26.593834
2578A	水钢	六盘水	104.89	26.5939	104.898944	26.596448
2579A	民中	六盘水	104.8475	26.5894	104.856521	26.591753
2580A	双水	六盘水	104.9544	26.5506	104.963623	26.552772
2581A	虹机厂子校	安顺	105.9556	26.2611	105.965395	26.2639
2582A	市一中	安顺	105.9278	26.255	105.937608	26.257456
2583A	铁路子校	安顺	105.9394	26.2358	105.949191	26.238463
2584A	龙岩子校	安顺	105.8853	26.2392	105.895162	26.241375
2585A	铜仁卫校	铜仁地区	109.1916	27.7297	109.202606	27.732751
2586A	铜仁七中	铜仁地区	109.1794	27.7231	109.190443	27.726071
2587A	八中	毕节	105.2864	27.3125	105.296191	27.314862
2588A	师专	毕节	105.31	27.2944	105.319865	27.296828
2589A	场坝街	黔西南州	104.9022	25.0925	104.911155	25.095484
2590A	坪东大道	黔西南州	104.8811	25.0992	104.889994	25.102418
2591A	市环境监测站	黔东南州	107.9783	26.5747	107.988888	26.577355
2592A	马坡井小学	黔东南州				
2593A	小围寨	黔南州	107.5228	26.2403	107.533378	26.243168
2594A	市环境监测站	保山	99.1678	25.1081	99.175297	25.110993
2595A	市环保局	保山	99.1711	25.1328	99.178591	25.135662
2596A	监测站	昭通	103.7032	27.3392	103.711734	27.341831
2597A	环保局	昭通	103.7225	27.3361	103.731143	27.338464
2598A	西南郊	丽江	100.2143	26.8576	100.221877	26.860274
2599A	丽江古城	丽江	100.2497	26.8802	100.257396	26.882385
2600A	市中心	丽江	100.2203	26.8906	100.227917	26.893203
2601A	市环保局	普洱	100.98	22.7633	100.987779	22.766023
2602A	普洱第二中学	普洱	100.9817	22.8322	100.989523	22.834962
2603A	市环保局	临沧	100.0869	23.8822	100.09459	23.88589
2604A	市气象局	临沧	100.0782	23.8982	100.085892	23.901908
2605A	州环境监测站	楚雄州	101.5482	25.0441	101.556103	25.047019
2606A	市经济开发区	楚雄州	101.538	25.0492	101.545889	25.052296
2607A	雨过铺	红河州	103.3113	23.4626	103.319613	23.466287
2608A	污水处理厂	红河州	103.3772	23.3993	103.385801	23.402488
2609A	监测站	红河州	103.386	23.4168	103.394625	23.420029
2610A	州水务局	文山州	104.2533	23.3594	104.26186	23.36281
2611A	市便民服务中心	文山州	104.2319	23.3892	104.240534	23.392301
2612A	景洪市江南	西双版纳州	100.7939	22.0019	100.801485	22.005348
2613A	景洪市江北	西双版纳州	100.8017	22.0225	100.809258	22.02593
2614A	大理市环境监测站	大理州	100.1542	25.7054	100.162009	25.708238
2615A	大理古城	大理州	100.2171	25.5811	100.224687	25.584273
2616A	德宏州监测站	德宏州	98.5842	24.428	98.590924	24.430545
2617A	芒市建设局	德宏州	98.578	24.441	98.584717	24.443538
2618A	州监测站	怒江州	98.8601	25.8567	98.866961	25.859514
2619A	泸水一中	怒江州	98.8546	25.8417	98.861497	25.844457
2620A	古城	迪庆州	99.7064	27.8136	99.71392	27.816348
2621A	迪庆州站	迪庆州	99.7056	27.8317	99.713129	27.834438
2622A	昌都监测站	昌都地区	97.1804	31.1278	97.187387	31.131618
2623A	昌都地区昌都坝	昌都地区	97.1809	31.1254	97.187886	31.129223
2624A	山南监测站	山南地区	91.7608	29.2313	91.768559	29.23411
2625A	山南人民医院	山南地区	91.7706	29.261	91.778294	29.26396
2626A	日喀则监测站	日喀则地区	88.8876	29.2718	88.896126	29.274528
2627A	日喀则鸿达公司	日喀则地区	88.8931	29.2365	88.901596	29.239277
2628A	那曲监测站	那曲地区	92.0657	31.4846	92.073507	31.488439
2629A	那曲嘉兴医院	那曲地区	92.0505	31.4733	92.058225	31.477295
2630A	阿里监测站	阿里地区	80.1161	32.5	80.124851	32.503372
2631A	阿里地委	阿里地区	80.0895	32.5039	80.098297	32.507198
2632A	林芝监测站	林芝地区	94.3681	29.6376	94.375849	29.640679
2633A	林芝人民医院	林芝地区	94.3616	29.6632	94.369343	29.666347
2634A	汉川机床厂子校	汉中	106.9893	33.1842	107.000262	33.188054
2635A	市监测站	汉中	107.0154	33.0706	107.026337	33.074853
2636A	鑫源开发区	汉中	107.0089	33.1138	107.019844	33.117962
2637A	南郑大河坎水厂	汉中	107.007	33.0323	107.017967	33.036375
2638A	红石峡森林公园　	榆林	109.7414	38.3344	109.753611	38.340617
2639A	世纪广场　	榆林	109.7456	38.2911	109.757803	38.297356
2640A	实验中学	榆林	109.7289	38.2839	109.741098	38.290104
2641A	环保监测大楼　	榆林	109.7336	38.2478	109.745781	38.25399
2642A	香溪洞	安康	109.0311	32.6778	109.042561	32.681522
2643A	安康市监测站	安康	109.0281	32.6939	109.039551	32.697583
2644A	汉滨区检察院	安康	109.0072	32.6975	109.018577	32.701079
2645A	监测站	商洛	109.9154	33.8715	109.926777	33.876135
2646A	东龙山气象局	商洛	109.966	33.8509	109.977657	33.854987
2647A	豫源饭店	白银	104.1731	36.5458	104.182279	36.552045
2648A	动力公司	白银	104.1731	36.5481	104.182277	36.554345
2649A	仙人崖	天水	106.005	34.3469	106.015648	34.351206
2650A	进步巷	天水	105.7281	34.5814	105.738479	34.586351
2651A	文化馆	天水	105.8614	34.5653	105.871698	34.569915
2652A	监测站	武威	102.6219	37.9311	102.630064	37.937475
2653A	雷台	武威	102.6469	37.9358	102.655252	37.941853
2654A	监测站	张掖	100.4686	38.9467	100.476752	38.953304
2655A	科委	张掖	100.4497	38.9389	100.457812	38.9458
2656A	监测站	平凉	106.6692	35.5461	106.679859	35.551956
2657A	博物馆	平凉	106.7039	35.5294	106.714738	35.535032
2658A	仓门街子站	酒泉	98.509	39.746	98.516006	39.753045
2659A	富康家世界子站	酒泉	98.5023	39.7294	98.509347	39.736392
2660A	区环保局	庆阳	107.6831	35.7289	107.694503	35.734322
2661A	粮贸总公司	庆阳	107.6406	35.5236	107.651728	35.529413
2662A	市环保局	庆阳	107.6364	35.7067	107.647522	35.712616
2663A	监测站（原粮食局）	定西	104.6228	35.5714	104.631899	35.577082
2664A	南峰招待所（原起重机厂）	定西	104.6169	35.5975	104.625991	35.603107
2665A	汉王镇固水子	陇南	105.0822	33.3261	105.092213	33.330391
2666A	市林业局	陇南				
2667A	环保局	临夏州	103.2139	35.6039	103.222556	35.609741
2668A	州委党校	临夏州	103.2064	35.5997	103.215039	35.605622
2669A	监测站	甘南州	102.905	35.0003	102.913305	35.004888
2670A	平安县	海东地区	102.1086	36.4997	102.117091	36.506042
2671A	海晏县西海镇	海北州	100.9048	36.9639	100.912683	36.970094
2672A	同仁县隆务镇	黄南州	102.0199	35.5102	102.028251	35.515922
2673A	共和县恰卜恰镇	海南州	100.6188	36.2866	100.626702	36.291904
2674A	玛沁县大武镇	果洛州	100.2561	34.4714	100.264068	34.475634
2675A	玉树县结古镇	玉树州	97	33.0014	97.006962	33.005091
2676A	德令哈市	海西州	97.3731	37.3753	97.380523	37.381511
2677A	教育园区	吴忠	106.1532	37.9648	106.164277	37.97125
2678A	高级中学	吴忠	106.2025	37.9844	106.213285	37.99124
2679A	新区二泵站	吴忠	106.196	37.9723	106.2068	37.979178
2680A	沙坡头消防站	中卫	105.0197	37.4514	105.029723	37.458065
2681A	官桥站	中卫	105.18	37.0172	105.190366	37.023239
2682A	环保局站	中卫	105.1971	37.5002	105.207424	37.506613
2683A	马园	固原	106.2319	36.1417	106.242665	36.147457
2684A	监测站	固原	106.2792	36.0022	106.289966	36.007925
2685A	新区	固原	106.2375	36.0211	106.248281	36.026745
2686A	市环保局	吐鲁番地区	89.191	42.9409	89.200356	42.948391
2687A	地区环保局	吐鲁番地区	89.1673	42.9559	89.176592	42.963728
2688A	地区监测站	哈密地区	93.5128	42.8172	93.520926	42.824651
2689A	哈密师范学校	哈密地区	93.4961	42.8328	93.504198	42.840542
2690A	天山天池	昌吉州	87.9897	44.1564	87.999173	44.163521
2691A	州监测站	昌吉州	87.2997	44.0114	87.309406	44.018438
2692A	新区政务中心	昌吉州	87.2717	44.0297	87.281255	44.036891
2693A	博乐市西郊区	博州	82.0485	44.9079	82.058254	44.914926
2694A	市环保局	博州	82.0806	44.8969	82.090287	44.904189
2695A	电视台	阿克苏地区	80.2828	41.1636	80.291381	41.170835
2696A	艺术中心	阿克苏地区	80.2956	41.1933	80.304263	41.200492
2697A	市人民政府	克州	76.1861	39.7153	76.195487	39.721874
2698A	巡警大队	喀什地区	75.9828	39.5371	75.992217	39.543382
2699A	吾办	喀什地区	75.9771	39.4699	75.986452	39.476203
2700A	市环境监测站	喀什地区	75.9435	39.4365	75.952732	39.442768
2701A	地区站	和田地区	79.9485	37.1152	79.956984	37.120906
2702A	古江巴格乡院内	和田地区	79.9117	37.1013	79.920028	37.107182
2703A	市环保局	伊犁哈萨克州	81.2815	43.9404	81.291037	43.947413
2704A	新政府片区	伊犁哈萨克州	81.2867	43.895	81.296237	43.901989
2705A	第二水厂	伊犁哈萨克州	81.3364	43.941	81.34595	43.948389
2706A	东门外小游园	塔城地区	82.9994	46.7432	83.00921	46.749875
2707A	小东沟	阿勒泰地区	88.1214	47.9047	88.131428	47.911836
2708A	市站	阿勒泰地区	88.1267	47.8515	88.136703	47.858585
2709A	艾青诗歌馆	石河子	86.0497	44.2967	86.058904	44.304107
2710A	阳光学校	石河子	86.0697	44.3075	86.07907	44.314698
2711A	农水大厦	五家渠	87.5475	44.1756	87.557067	44.18242
2835A	四十中小	攀枝花	101.7227	26.567	101.730821	26.569357
2842A	湖里中学	厦门	118.0936	24.5058	118.10506	24.509358
2845A	德盛苑	长治	113.1569	36.1912	113.169894	36.197645
2846A	体育西	广州	113.3208	23.1323	113.332753	23.135447
2858A	河西一经路	天津	117.7918	39.2474	117.804659	39.254242
2859A	津沽路	天津	117.3747	38.9846	117.387661	38.991832
2860A	宾水西道	天津	117.1589	39.0845	117.171844	39.091327
2862A	22中南校区	石家庄	114.5480556	38.03777778	114.560499	38.04406
2865A	榆次三中	晋中	112.7194444	37.68277778	112.732497	37.689196
2866A	外滩首府	运城	111.0522222	35.04388889	111.064837	35.048962
2867A	马茂庄小学	吕梁	111.1283333	37.51	111.141122	37.517038
2868A	九站	吉林	126.4738889	43.95305556	126.486286	43.96184
2869A	五台山医院	扬州	119.458	32.41361	119.470002	32.417321
2870A	市疾控中心	镇江	119.4369444	32.18888889	119.448951	32.192789
2871A	万里国际学校	宁波	121.6147222	29.90166667	121.62543	29.904686
2872A	南湖区残联	嘉兴	120.7844444	30.7525	120.795347	30.755867
2873A	仁皇山新区	湖州	120.0875	30.89556	120.098871	30.899568
2874A	益益乳业工业园	淮南	117.0411667	32.64600333	117.05334	32.649812
2875A	阜阳职业技术学院	阜阳	115.7838889	32.88922222	115.795756	32.893571
2876A	幼特教师范	潍坊	119.0841	36.7339	119.096679	36.740125
2877A	坊子邮政	潍坊	119.1638	36.6525	119.176088	36.659225
2878A	聊大东校	聊城	116.0072	36.4343	116.019424	36.440498
2880A	大石西路	成都	104.0238889	30.65638889	104.032723	30.660116
2881A	凯里学院	黔东南州	107.8908333	26.53111111	107.901303	26.533688
2882A	玉溪一中	玉溪	102.5389	24.3702	102.546756	24.372846
2883A	文体中心	玉溪	102.5381	24.339	102.545931	24.341651
2884A	酒钢宾馆	嘉峪关	98.26722222	39.79777778	98.274186	39.804824
2885A	滨江中学	陇南	104.9338889	33.38256667	104.943422	33.386316
2897A	沈辽西路	沈阳	123.2444	41.7347	123.256581	41.743271
2900A	裕农路	沈阳	123.5953	41.9086	123.607427	41.917061
2902A	北辰小学	广安	106.6351	30.4865	106.645456	30.489564
2907A	吴兴区	湖州	120.1844	30.8596	120.19566	30.863113
2914A	苏山坪	巴中	106.7513889	31.87888889	106.762093	31.882485
2915A	职业中学	巴中	106.7619444	31.85805556	106.772624	31.861814
2916A	老干部局	池州	117.49	30.66	117.501916	30.66389
2919A	河北工业大学	廊坊	116.7022	39.5453	116.714772	39.552119
2920A	蓝田镇	漳州	117.7116	24.506	117.722948	24.509491
2921A	树下王站	绍兴	120.7789	30.0033	120.789737	30.006477
2922A	大理道	天津	117.1941	39.1067	117.206962	39.113562
2923A	供排水公司	大同	113.2803	40.1114	113.293697	40.118901
2924A	水乡路(直管站)	银川	106.2275	38.44139	106.23843	38.447825
2925A	上海东路	银川	106.2739	38.4841	106.284869	38.490379
2926A	文昌北街	银川	106.1024	38.49494	106.113464	38.501623
2929A	红卫路	黄冈	114.8858	30.4519	114.897417	30.454915
2994A	武警支队	金华	119.6533	29.1128	119.66446	29.116073
2996A	市供电局	宿迁	118.283	33.965	118.29503	33.969639
2997A	王营	泰州	119.8767	32.3292	119.88789	32.333338
3000A	德源药业(直管站)	连云港	119.3581	34.6972	119.370339	34.702284
3002A	行政中心	常州	119.9736	31.8108	119.984822	31.814917
3003A	经开区	常州	120.0469	31.7694	120.058393	31.773242
3004A	宝龙广场	盐城	120.1631	33.3681	120.174639	33.372388
3005A	鼓楼区政府	徐州	117.1814	34.29	117.193764	34.294468
3006A	铜山区招生办	徐州	117.1694	34.1781	117.181779	34.182535
3008A	胡沟管理处	连云港	119.3608	34.7519	119.37301	34.757084
3009A	矿山设计院	连云港	119.1478	34.5911	119.159907	34.596529
3010A	钟楼	常州	119.8914	31.7897	119.902526	31.793795
3012A	西山林语(启用161103)	荆门	112.1908	31.03389	112.203048	31.038021
3014A	歇台子	重庆	106.4959	29.53675	106.506366	29.539729
3015A	龙井湾	重庆	106.4042	29.57278	106.414744	29.576233
3016A	龙洲湾	重庆	106.5506	29.41569	106.560743	29.419091
3018A	唐尧大酒店	临汾	111.505	36.10139	111.517761	36.107288
3019A	西沙	三沙				
3020A	中山北路	天津	117.2099	39.16969	117.222673	39.176854
3021A	濮水河管理处	濮阳	115.0061	35.76806	115.018516	35.773684
3022A	凯旋路小学	洛阳	112.4433	34.6686	112.455984	34.673935
3025A	技师学院	清远	113.0472	23.63444	113.059098	23.63824
3026A	市政府	潮州	116.6183	23.65889	116.629135	23.662363
3027A	青杠林路	自贡	104.7228	29.33972	104.731967	29.342792
3028A	檀木林体育馆	自贡	104.7778	29.36028	104.786945	29.363584
3033A	培训基地	乌鲁木齐	87.4651	43.4569	87.474711	43.464744
3034A	光明街小学	乌兰察布	113.1076	41.0385	113.121489	41.04609
3035A	北滨河	兴安盟	122.0931	46.0707	122.105951	46.07839
3036A	开发区管委会	东营	118.696	37.43445	118.708169	37.44132
3038A	州图书馆	红河州	103.3758	23.3682	103.384381	23.37138
3039A	第一小学	三门峡	111.19	34.7822	111.202566	34.787015
3045A	商州区中学	商洛	109.9643	33.8471	109.975944	33.851196
3046A	机电学校	南昌	115.9083	28.6064	115.919571	28.609325
3048A	九龙	福州	119.58	26.0931	119.591062	26.09543
3051A	西四道	天津	117.3916	39.1495	117.404737	39.156555
3054A	市委党校	新乡	113.5922	35.28385	113.604869	35.289036
3055A	城北区政府	西宁	101.7775	36.6428	101.785897	36.648904
3057A	牟平检察院	烟台	121.5992	37.4014	121.610538	37.407786
3058A	银河街	赤峰	119.2654	42.0352	119.278228	42.043688
3059A	泰兴公司	莱芜	117.7181	36.2092	117.730433	36.215606
3061A	国华电力东	呼伦贝尔	119.7512	49.1577	119.764896	49.165999
3064A	莱芜战役纪念馆	莱芜	117.6983	36.2211	117.710641	36.227377
3065A	州环保局	甘孜藏族自治州	101.9533	29.9972	101.96136	30.000143
3066A	九衢泉纯净水厂	德州	116.2714	37.4372	116.283536	37.444276
3122A	伍家关(对照点)	安顺	105.9606	26.2611	105.97041	26.263905
3123A	凤凰山	安顺	105.9408	26.2431	105.950585	26.245778
3124A	金钟山	安顺	105.9439	26.2564	105.953681	26.25911
3125A	娄家坡	安顺	105.8983	26.2481	105.908169	26.25021
3128A	那曲会议中心	那曲地区	92.0506	31.4797	92.058324	31.483695
3129A	平安高铁新区	海东地区	102.0306	36.5067	102.039114	36.512639
3131A	烟厂	张家口	114.8792	40.7903	114.891904	40.797359
3132A	文明里(启用171012)	秦皇岛	119.5967	37.0308	119.608672	37.037039
3133A	上清寺	重庆	106.5469	29.565	106.557069	29.568452
3134A	市一中	许昌	113.8172	34.0339	113.829769	34.038069
3136A	龙泉驿区区政府	成都	104.2725	30.5589	104.281292	30.562591
3137A	市委党校	眉山	103.8578	30.0744	103.86647	30.077253
3138A	武陵区永安(启用171130)	常德	111.7153	29.0289	111.727343	29.032233
3139A	鼎城区玉霞(启用171130)	常德	111.6892	28.9881	111.701265	28.99111
3140A	武陵区长庚	常德	111.6625	29.0531	111.674626	29.055727
3141A	信访局	安阳	114.3922	36.0878	114.404821	36.093825
3147A	龙亭公园	开封	114.3442	34.8097	114.356529	34.815194
3148A	区人社局	眉山	103.8286	30.0561	103.837254	30.059309
3149A	笔架山北路	黄石	115.0158	30.1594	115.027723	30.162579
