监测点编码,监测点名称,城市,经度,纬度
1001A,万寿西宫,北京,116.366,39.8673
1002A,定陵,北京,116.17,40.2865
1003A,东四,北京,116.434,39.9522
1004A,天坛,北京,116.434,39.8745
1005A,农展馆,北京,116.473,39.9716
1006A,官园,北京,116.361,39.9425
1007A,海淀区万柳,北京,116.315,39.9934
1008A,顺义新城,北京,116.72,40.1438
1009A,怀柔镇,北京,116.644,40.3937
1010A,昌平镇,北京,116.23,40.1952
1011A,奥体中心,北京,116.407,40.0031
1012A,古城,北京,116.225,39.9279
1013A,市监测中心,天津,117.151,39.097
1014A,南口路,天津,117.193,39.173
1015A,勤俭路,天津,117.145,39.1654
1016A,南京路,天津,117.184,39.1205
1017A,大直沽八号路,天津,117.237,39.1082
1018A,前进路,天津,117.202,39.0927
1019A,北辰科技园区,天津,117.1837,39.2133
1020A,天山路,天津,117.269,39.1337
1021A,跃进路,天津,117.307,39.0877
1023A,第四大街,天津,117.707,39.0343
1024A,永明路,天津,117.457,38.8394
1025A,航天路,天津,117.401,39.124
1026A,汉北路,天津,117.764,39.1587
1027A,团泊洼,天津,117.157,38.9194
1028A,化工学校,石家庄,,
1029A,职工医院,石家庄,114.4548,38.0513
1030A,高新区,石家庄,114.6046,38.0398
1031A,西北水源,石家庄,114.5019,38.1398
1032A,西南高教,石家庄,114.4586111,38.00583333
1033A,世纪公园,石家庄,114.5330556,38.01777778
1034A,人民会堂,石家庄,114.5214,38.0524
1035A,封龙山,石家庄,114.3541,37.9097
1036A,供销社,唐山,118.1662,39.6308
1037A,雷达站,唐山,118.1440,39.6430
1038A,物资局,唐山,118.1853,39.6407
1039A,陶瓷公司,唐山,118.2185,39.6679
1040A,十二中,唐山,118.1838,39.65782
1041A,小山,唐山,118.1997,39.6295
1042A,北戴河环保局,秦皇岛,119.5259,39.8283
1043A,第一关,秦皇岛,119.7624,40.0181
1044A,监测站,秦皇岛,119.6023,39.9567
1045A,市政府,秦皇岛,119.6070,39.9358
1046A,建设大厦,秦皇岛,119.5369,39.9419
1047A,环保局,邯郸,114.5129,36.61763
1048A,东污水处理厂,邯郸,114.5426,36.6164
1049A,矿院,邯郸,114.5035,36.5776
1050A,丛台公园,邯郸,114.4965,36.61981
1051A,游泳馆,保定,115.4930,38.8632
1052A,华电二区,保定,115.5223,38.8957
1053A,接待中心,保定,115.4713,38.9108
1054A,地表水厂,保定,115.4612,38.8416
1055A,胶片厂,保定,115.4420,38.8756
1056A,监测站,保定,115.5214,38.8707
1057A,人民公园,张家口,114.8985,40.8367
1058A,探机厂,张家口,114.892,40.79481
1059A,五金库,张家口,114.8814,40.8115
1060A,世纪豪园,张家口,114.9032,40.7688
1061A,北泵房,张家口,114.9040,40.8725
1062A,铁路,承德,117.9664,40.9161
1063A,中国银行,承德,117.9525,40.9843
1064A,开发区,承德,117.9630,40.9359
1065A,文化中心,承德,117.8184,40.9733
1066A,离宫,承德,117.9384,41.0112
1067A,药材公司,廊坊,116.6838,39.5178
1068A,开发区,廊坊,116.7729,39.5747
1069A,环境监测监理中心,廊坊,116.7150,39.5571
1070A,北华航天学院,廊坊,116.7464,39.5343
1071A,沧县城建局,沧州,116.8854,38.2991
1072A,电视转播站,沧州,116.8584,38.3254
1073A,市环保局,沧州,116.8709,38.3228
1074A,电机北厂,衡水,115.6951,37.7575
1075A,市监测站,衡水,115.6426,37.7379
1076A,市环保局,衡水,115.6906,37.7390
1077A,达活泉,邢台,114.4821,37.0967
1078A,邢师高专,邢台,114.5261,37.0533
1079A,路桥公司,邢台,114.5331,37.0964
1080A,市环保局,邢台,114.4854,37.0620
1081A,尖草坪,太原,112.522,37.8873
1082A,涧河,太原,112.573,37.9103
1083A,上兰,太原,112.434,38.0108
1084A,晋源,太原,112.469,37.7124
1085A,小店,太原,112.5583,37.7394
1086A,桃园,太原,112.5369,37.8692
1087A,坞城,太原,112.57,37.8195
1088A,南寨,太原,112.549,37.9854
1089A,金胜,太原,112.488,37.7805
1090A,呼市一监,呼和浩特,111.651,40.7579
1091A,小召,呼和浩特,111.658,40.8033
1092A,兴松小区,呼和浩特,111.659,40.8452
1093A,糖厂,呼和浩特,111.608,40.8144
1094A,如意水处理厂,呼和浩特,111.751,40.8369
1095A,二十九中,呼和浩特,111.7277,40.8062
1096A,工大金川校区,呼和浩特,111.551,40.7866
1097A,化肥厂生活区,呼和浩特,111.717,40.7612
1098A,森林路,沈阳,123.6836,41.9339
1099A,浑南东路,沈阳,123.535,41.7561
1100A,新秀街,沈阳,123.439,41.7089
1101A,沧海路,沈阳,123.284,41.7694
1102A,东陵路,沈阳,123.542,41.8336
1103A,陵东街,沈阳,123.428,41.8472
1104A,文化路,沈阳,123.41,41.765
1105A,小河沿,沈阳,123.478,41.7775
1106A,太原街,沈阳,123.3997,41.7972
1107A,南十东路,沈阳,123.3606,41.7806
1108A,京沈街,沈阳,123.3783,41.9228
1109A,甘井子,大连,121.61194444,38.973888889
1110A,周水子,大连,121.565,38.951111111
1111A,星海三站,大连,121.56388889,38.885
1112A,青泥洼桥,大连,121.63305556,38.911944444
1113A,傅家庄,大连,121.625,38.863888889
1114A,七贤岭,大连,121.51805556,38.856111111
1115A,旅顺,大连,121.25888889,38.808055556
1116A,金州,大连,121.7481,39.1311
1117A,开发区,大连,121.7769,39.0511
1118A,双D港,大连,121.9769,39.0631
1119A,食品厂,长春,125.323,43.9167
1120A,客车厂,长春,125.287,43.91
1121A,邮电学院,长春,125.2786,43.8400
1122A,劳动公园,长春,125.3649,43.8748
1123A,园林处,长春,125.325,43.8694
1124A,净月潭,长春,125.454,43.7878
1125A,甩湾子,长春,125.633,43.55
1126A,经开区环卫处,长春,125.417,43.8667
1127A,高新区管委会,长春,125.25,43.8167
1128A,岱山公园,长春,125.217,43.85
1129A,岭北,哈尔滨,126.542,45.755
1130A,松北商大,哈尔滨,126.561,45.8167
1131A,阿城会宁,哈尔滨,126.979,45.5422
1132A,南岗学府路,哈尔滨,126.599,45.7222
1133A,太平宏伟公园,哈尔滨,126.689,45.7733
1134A,道外承德广场,哈尔滨,126.635,45.7667
1135A,香坊红旗大街,哈尔滨,126.685,45.7319
1136A,动力和平路,哈尔滨,126.646,45.7258
1137A,道里建国路,哈尔滨,126.593,45.7478
1138A,平房东轻厂,哈尔滨,126.615,45.61
1139A,呼兰师专,哈尔滨,126.6106,45.9819
1140A,省农科院,哈尔滨,126.6206,45.6842
1141A,普陀,上海,121.4,31.238
1142A,十五厂,上海,121.478,31.2036
1143A,虹口,上海,121.467,31.3008
1144A,徐汇上师大,上海,121.412,31.1654
1145A,杨浦四漂,上海,121.536,31.2659
1146A,青浦淀山湖,上海,120.978,31.0935
1147A,静安监测站,上海,121.425,31.2261
1148A,浦东川沙,上海,121.703,31.1907
1149A,浦东新区监测站,上海,121.533,31.2284
1150A,浦东张江,上海,121.577,31.2071
1151A,迈皋桥,南京,118.803,32.1083
1152A,草场门,南京,118.749,32.0572
1153A,山西路,南京,118.7780,32.0723
1154A,中华门,南京,118.777,32.0144
1155A,瑞金路,南京,118.803,32.0314
1156A,玄武湖,南京,118.795,32.0775
1157A,浦口,南京,118.626,32.0878
1158A,奥体中心,南京,118.737,32.0092
1159A,仙林大学城,南京,118.907,32.105
1160A,上方山,苏州,120.561,31.2472
1161A,南门,苏州,120.628,31.2864
1162A,彩香,苏州,120.591,31.3019
1163A,轧钢厂,苏州,120.596,31.3264
1164A,吴中区,苏州,120.613,31.2703
1165A,苏州新区,苏州,120.543,31.2994
1166A,苏州工业园区,苏州,120.669,31.3097
1167A,相城区,苏州,120.641,31.3708
1168A,南郊,南通,120.913,31.96
1169A,虹桥,南通,120.86,32.0005
1170A,城中,南通,120.87,32.02
1171A,星湖花园,南通,120.94,31.93
1172A,紫琅学院,南通,120.81,32.0417
1173A,市环境监测站,连云港,119.176,34.5885
1174A,洪门派出所,连云港,119.141,34.5896
1175A,墟沟核电专家村,连云港,119.368,34.7507
1176A,开发区恒瑞医药公司,连云港,119.348,34.6984
1177A,黄河新村,徐州,117.167,34.2761
1178A,淮塔,徐州,117.192,34.2417
1179A,铜山兽医院,徐州,117.192,34.3083
1180A,新城区,徐州,117.256,34.2153
1181A,桃园路,徐州,117.244,34.2911
1182A,农科院,徐州,117.2933,34.2778
1183A,铜山区环保局,徐州,117.166,34.1806
1184A,城东财政所,扬州,119.46,32.3878
1185A,市监测站,扬州,119.404,32.41
1186A,邗江监测站,扬州,119.389,32.3761
1187A,第四医院,扬州,119.439,32.4033
1188A,雪浪,无锡,120.269,31.4867
1189A,黄巷,无锡,120.275,31.6219
1190A,曹张,无锡,120.294,31.56
1191A,漆塘,无锡,120.242,31.5031
1192A,东亭,无锡,120.354,31.5848
1193A,旺庄,无锡,120.354,31.5475
1194A,荣巷,无锡,120.245,31.5631
1195A,堰桥,无锡,120.288,31.6842
1196A,市监测站,常州,119.996,31.7586
1197A,城建学校,常州,119.933,31.7786
1198A,常工院,常州,119.962,31.8089
1199A,潞城,常州,120.0393,31.7638
1200A,武进监测站,常州,119.935,31.7039
1201A,安家,常州,119.905,31.9108
1202A,环境监测站,镇江,,
1203A,新区办事处,镇江,119.68,32.1883
1204A,职教中心,镇江,119.491,32.215
1205A,丹徒区监测站,镇江,119.43,32.1319
1206A,公园路,泰州,119.9,32.4867
1207A,莲花,泰州,119.9219,32.4611
1208A,高港区政府,泰州,119.882,32.303
1209A,留学生创业园,泰州,119.888,32.4639
1210A,钵池山,淮安,119.036,33.5981
1211A,北京南路,淮安,119.007,33.575
1212A,市监测站,淮安,118.989,33.6067
1213A,楚州区监测站,淮安,119.135,33.5039
1214A,淮阴区监测站,淮安,119.0122,33.6270
1215A,盐城电厂,盐城,120.118,33.4022
1216A,市监测站,盐城,120.156,33.3942
1217A,文峰中学,盐城,120.129,33.3719
1218A,开发区管委会,盐城,120.225,33.3947
1219A,市监测站,宿迁,118.2658,33.9600
1220A,宿迁学院,宿迁,118.293,33.9528
1221A,宿迁中学,宿迁,118.2442,33.9592
1222A,宿豫区环保局,宿迁,118.3214,33.9506
1223A,滨江,杭州,120.211,30.21
1224A,西溪,杭州,120.063,30.2747
1225A,千岛湖,杭州,119.026,29.635
1226A,下沙,杭州,120.348,30.3058
1227A,卧龙桥,杭州,120.127,30.2456
1228A,浙江农大,杭州,120.19,30.2692
1229A,朝晖五区,杭州,120.157,30.2897
1230A,和睦小学,杭州,120.12,30.3119
1231A,临平镇,杭州,120.301,30.4183
1232A,城厢镇,杭州,120.27,30.1819
1233A,云栖,杭州,120.088,30.1808
1234A,区环保大楼,宁波,121.836,29.9108
1235A,万里学院,宁波,121.56,29.8208
1236A,龙赛医院,宁波,121.713,29.9572
1237A,三江中学,宁波,121.554,29.8906
1238A,市政管理站,宁波,,
1239A,钱湖水厂,宁波,121.633,29.7736
1240A,太古小学,宁波,121.586,29.8633
1241A,市环境监测中心,宁波,121.524,29.8506
1242A,瓯海,温州,120.634,28.0089
1243A,南浦,温州,120.677,27.9939
1244A,龙湾,温州,120.76,27.9747
1245A,市站,温州,120.671,28.0167
1246A,袍江站,绍兴,120.598,30.0911
1247A,城东开发委,绍兴,120.605,29.9919
1248A,市环保站,绍兴,120.576,30.007
1249A,城北水厂,湖州,120.1,30.8867
1250A,城西水厂,湖州,120.07,30.8244
1251A,吉山新村,湖州,120.093,30.8617
1252A,清河小学,嘉兴,120.744,30.7946
1253A,嘉兴学院,嘉兴,120.726,30.7478
1254A,监测站,嘉兴,,
1255A,黄岩环保大楼,台州,121.273,28.6459
1256A,台州环保大楼,台州,121.419,28.6542
1257A,路桥田洋王,台州,121.377,28.5773
1258A,定海檀枫,舟山,122.122,30.0203
1259A,普陀东港,舟山,122.3094,29.9558
1260A,临城新区,舟山,122.19,29.9944
1261A,四中,金华,119.649,29.1131
1262A,十五中,金华,119.647,29.077
1263A,监测站,金华,119.686,29.1029
1264A,环保大楼,衢州,118.871,28.9404
1265A,实验学校,衢州,118.871,28.9664
1266A,衢州学院,衢州,118.855,28.9745
1267A,监测站大楼,丽水,119.914,28.4514
1268A,莲都小学,丽水,119.93,28.4586
1269A,余庄前,丽水,119.879,28.4231
1270A,明珠广场,合肥,117.196,31.7848
1271A,三里街,合肥,117.307,31.8766
1272A,琥珀山庄,合肥,117.259,31.8706
1273A,董铺水库,合肥,117.16,31.9051
1274A,长江中路,合肥,117.25,31.8572
1275A,庐阳区,合肥,117.266,31.9438
1276A,瑶海区,合肥,117.336,31.8585
1277A,包河区,合肥,117.302,31.7956
1278A,滨湖新区,合肥,117.278,31.7386
1279A,高新区,合肥,117.124,31.8516
1280A,鼓山,福州,119.389,26.0542
1281A,快安,福州,119.414,26.0258
1282A,师大,福州,119.303,26.0392
1283A,五四北路,福州,119.299,26.1092
1284A,杨桥西路,福州,119.268,26.0797
1285A,紫阳,福州,119.315,26.0753
1286A,溪东,厦门,118.15694444,24.818055556
1287A,洪文,厦门,118.15138889,24.476666667
1288A,鼓浪屿,厦门,118.06361111,24.445833333
1290A,省外办,南昌,115.893,28.6844
1291A,省林业公司,南昌,115.8886,28.6839
1292A,林科所,南昌,115.813,28.7442
1293A,京东镇政府,南昌,115.973,28.6969
1294A,建工学校,南昌,115.852,28.6869
1295A,象湖,南昌,115.892,28.6425
1296A,武术学校,南昌,115.742,28.7994
1297A,石化,南昌,115.912,28.6131
1298A,省站,南昌,115.931,28.6844
1299A,科干所,济南,116.988,36.6114
1300A,农科所,济南,116.93,36.67
1301A,开发区,济南,117.114,36.6739
1302A,济南化工厂,济南,116.989,36.6872
1303A,省种子仓库,济南,117.0684,36.6868
1304A,机床二厂,济南,116.943,36.6489
1305A,市监测站,济南,117.049,36.6622
1306A,长清党校,济南,116.734,36.5336
1307A,仰口,青岛,120.6659,36.2403
1308A,李沧区子站,青岛,120.3905,36.1851
1309A,市北区子站,青岛,120.3471,36.0699
1310A,市南区东部子站,青岛,120.4134,36.0654
1311A,四方区子站,青岛,120.3664,36.1032
1312A,市南区西部子站,青岛,120.2992,36.0543
1313A,崂山区子站,青岛,120.4587,36.0851
1314A,黄岛区子站,青岛,120.1964,36.3083
1315A,城阳区子站,青岛,120.4001,36.2403
1316A,烟厂,郑州,113.681,34.7545
1317A,郑纺机,郑州,113.641,34.7745
1318A,银行学校,郑州,113.675,34.8019
1319A,供水公司,郑州,113.5640,34.8020
1320A,经开区管委,郑州,113.727,34.7187
1321A,四十七中,郑州,113.7340,34.7190
1322A,市监测站,郑州,113.5991,34.7496
1323A,河医大,郑州,113.6356,34.7538
1324A,岗李水库,郑州,113.6113,34.9162
1325A,东湖梨园,武汉,114.3672,30.5719
1326A,汉阳月湖,武汉,114.2511,30.5514
1327A,汉口花桥,武汉,114.2836,30.6197
1328A,武昌紫阳,武汉,114.3006,30.5494
1329A,青山钢花,武汉,114.4272,30.6103
1330A,沌口新区,武汉,114.1525,30.4753
1331A,汉口江滩,武汉,114.3008,30.5947
1332A,东湖高新,武汉,114.3894,30.4822
1333A,吴家山,武汉,114.2131,30.6414
1334A,沉湖七壕,武汉,113.8531,30.2997
1335A,经开区环保局,长沙,113.0833,28.2325
1336A,高开区环保局,长沙,112.8872,28.2189
1337A,马坡岭,长沙,113.0792,28.2053
1338A,湖南师范大学,长沙,112.9394,28.1900
1339A,雨花区环保局,长沙,112.9956,28.1442
1340A,伍家岭,长沙,112.9792,28.2597
1341A,火车新站,长沙,113.0014,28.1944
1342A,天心区环保局,长沙,112.9844,28.1178
1343A,湖南中医药大学,长沙,112.8908,28.1308
1344A,沙坪,长沙,112.9958,28.3586
1345A,广雅中学,广州,113.235,23.1422
1346A,市五中,广州,113.261,23.105
1347A,天河职幼,广州,,
1348A,广东商学院,广州,113.348,23.0916
1349A,市八十六中,广州,113.433,23.105
1350A,番禺中学,广州,113.352,22.9477
1351A,花都师范,广州,113.215,23.3917
1352A,市监测站,广州,113.26,23.1331
1353A,九龙镇镇龙,广州,113.568,23.2783
1354A,麓湖,广州,113.281,23.1569
1355A,帽峰山森林公园,广州,113.589,23.5538
1356A,荔园,深圳,114.096,22.55
1357A,洪湖,深圳,114.117,22.5625
1358A,华侨城,深圳,113.987,22.5417
1359A,南油,深圳,113.923,22.5167
1360A,盐田,深圳,114.263,22.5908
1361A,龙岗,深圳,114.24,22.7267
1362A,西乡,深圳,113.891,22.5794
1363A,南澳,深圳,114.494,22.5422
1364A,葵涌,深圳,114.41,22.6342
1365A,梅沙,深圳,114.297,22.5978
1366A,观澜,深圳,114.085,22.75
1367A,吉大,珠海,113.574,22.2611
1368A,前山,珠海,113.495,22.2294
1369A,唐家,珠海,113.628,22.4251
1370A,斗门,珠海,113.299,22.2281
1371A,湾梁,佛山,113.134,23.0048
1372A,华材职中,佛山,113.105,23.0395
1373A,南海气象局,佛山,113.144,23.0467
1374A,顺德苏岗,佛山,113.292,22.8054
1375A,容桂街道办,佛山,113.257,22.7629
1376A,高明孔堂,佛山,112.844,22.8693
1377A,三水监测站,佛山,112.885,23.1572
1378A,三水云东海,佛山,112.863,23.1886
1379A,华柏园,中山,113.3769,22.5211
1380A,张溪,中山,113.3881,22.5497
1381A,紫马岭,中山,113.4075,22.5111
1382A,长江旅游区,中山,113.4411,22.4853
1383A,北街,江门,113.104,22.6069
1384A,西区,江门,113.074,22.5811
1385A,圭峰西,江门,113.024,22.5328
1386A,东湖,江门,113.0819,22.5931
1387A,东城主山,东莞,113.7819444,23.05361111
1388A,南城元岭,东莞,113.7461111,23.02777778
1389A,莞城梨川,东莞,113.7480556,23.06
1390A,东城石井,东莞,113.7944444,23.01277778
1391A,南城西平,东莞,113.7383333,22.96583333
1392A,河南岸金山湖子站,惠州,114.4183,23.0528
1393A,下埔横江三路子站,惠州,114.4053,23.0800
1394A,江北云山西路子站,惠州,114.4103,23.1142
1395A,惠阳区承修路船湖子站,惠州,114.3244,22.8172
1396A,大亚湾管委会子站,惠州,114.5317,22.7422
1397A,睦岗子站,肇庆,112.427,23.0706
1398A,城中子站,肇庆,112.471,23.0528
1399A,坑口子站,肇庆,112.565,23.1617
1400A,七星岩子站,肇庆,112.4722,23.0786
1401A,振宁花园,南宁,108.301,22.7875
1402A,北湖,南宁,108.316,22.8561
1403A,市监测站,南宁,108.321,22.8225
1404A,大自然花园,南宁,108.383,22.805
1405A,仙葫,南宁,108.439,22.7906
1406A,区农职院,南宁,108.239,22.8464
1407A,英华嘉园,南宁,108.328,22.735
1408A,沙井镇街道办,南宁,108.244,22.7833
1409A,东寨港,海口,110.576,19.9507
1410A,海南大学,海口,110.3232,20.0574
1411A,秀英海南医院,海口,110.283,20.0053
1412A,海南师范大学,海口,110.338,19.9969
1413A,龙华路环保局宿舍,海口,110.33,20.0356
1414A,缙云山,重庆,106.379,29.8272
1415A,高家花园,重庆,106.46,29.5736
1416A,天生,重庆,106.424,29.8264
1417A,两路,重庆,106.626,29.7228
1418A,虎溪,重庆,106.296,29.5983
1419A,南坪,重庆,106.54,29.5186
1420A,唐家沱,重庆,106.65,29.6219
1421A,茶园,重庆,106.634,29.4892
1422A,白市驿,重庆,106.364,29.4822
1423A,解放碑,重庆,106.571,29.5642
1424A,杨家坪,重庆,106.512,29.5164
1425A,空港,重庆,106.617,29.7125
1426A,新山村,重庆,106.468,29.4892
1427A,礼嘉,重庆,106.562,29.6453
1428A,蔡家,重庆,106.452,29.709
1429A,鱼新街,重庆,106.513,29.389
1430A,南泉,重庆,106.591,29.4272
1431A,金泉两河,成都,103.97275,30.72358333
1432A,十里店,成都,104.176,30.6872
1433A,三瓦窑,成都,104.079,30.5706
1434A,沙河铺,成都,104.1113889,30.63
1435A,梁家巷,成都,104.074,30.685
1436A,草堂寺,成都,104.026,30.6544
1437A,君平街,成都,104.054,30.6578
1438A,灵岩寺,成都,103.613,31.0283
1439A,马鞍山,贵阳,106.6856,26.6029
1440A,市环保站,贵阳,106.6971,26.5689
1441A,鉴湖路,贵阳,106.6243,26.6266
1442A,燕子冲,贵阳,106.7487,26.6343
1443A,碧云窝,贵阳,106.6554,26.4364
1444A,中院村,贵阳,106.6948,26.5155
1445A,红边门,贵阳,106.7105,26.6009
1446A,新华路,贵阳,106.7164,26.5697
1447A,太慈桥,贵阳,106.6867,26.5495
1449A,关上,昆明,102.743,25.0124
1450A,呈贡新区,昆明,102.821,24.8885
1451A,西山森林公园,昆明,102.625,24.9624
1452A,龙泉镇,昆明,102.728,25.0836
1453A,东风东路,昆明,102.722,25.0405
1454A,金鼎山,昆明,102.681,25.067
1455A,碧鸡广场,昆明,102.638,25.0359
1456A,八廓街,拉萨,91.1319,29.6514
1457A,市环保局,拉萨,91.1221,29.6747
1458A,区监测站,拉萨,91.0874,29.6475
1459A,西藏大学,拉萨,91.1774,29.6541
1460A,区辐射站,拉萨,90.9798,29.6588
1461A,拉萨火车站,拉萨,91.0834,29.6292
1462A,高压开关厂,西安,108.882,34.2749
1463A,兴庆小区,西安,108.993,34.2629
1464A,纺织城,西安,109.06,34.2572
1465A,小寨,西安,108.94,34.2324
1466A,市人民体育场,西安,108.954,34.2713
1467A,高新西区,西安,108.883,34.2303
1468A,经开区,西安,108.935,34.3474
1469A,长安区,西安,108.906,34.1546
1470A,阎良区,西安,109.2,34.6575
1471A,临潼区,西安,109.2186,34.3731
1472A,草滩,西安,108.8690,34.3780
1473A,曲江文化产业集团,西安,108.985,34.1978
1474A,广运潭,西安,109.043,34.3274
1475A,职工医院,兰州,103.712,36.0756
1476A,兰炼宾馆,兰州,103.631,36.1031
1477A,榆中兰大校区,兰州,104.148,35.940
1478A,生物制品所,兰州,103.841,36.0725
1479A,铁路设计院,兰州,103.831,36.0464
1480A,市环境监测站,西宁,101.748,36.6428
1481A,省医药仓库,西宁,101.749,36.6922
1482A,四陆医院,西宁,101.834,36.5819
1483A,第五水厂,西宁,101.524,36.6867
1484A,贺兰山马莲口,银川,105.9512,38.6016
1485A,银湖巷,银川,106.2682,38.4744
1486A,宁安大街,银川,106.217,38.4536
1487A,宁化生活区,银川,106.0715,38.4858
1488A,贺兰山东路,银川,106.2328,38.4975
1489A,学院路,银川,106.1358,38.5036
1490A,监测站,乌鲁木齐,87.5801,43.8303
1491A,收费所,乌鲁木齐,87.6046,43.768
1492A,新疆农科院农场,乌鲁木齐,87.4754,43.9469
1493A,铁路局,乌鲁木齐,87.5525,43.8711
1494A,三十一中学,乌鲁木齐,87.6432,43.831
1495A,七十四中学,乌鲁木齐,87.4171,43.8729
1496A,米东区环保局,乌鲁木齐,87.6444,43.962
1508A,板塘,湘潭,112.9433,27.8614
1511A,市监测站,湘潭,112.9118,27.8403
1512A,江麓,湘潭,112.8937,27.8728
1513A,岳塘,湘潭,112.9227,27.8159
1514A,科大,湘潭,112.9074,27.9119
1515A,天台山庄,株洲,113.135,27.8244
1518A,株冶医院,株洲,113.095,27.8867
1519A,市四中,株洲,113.167,27.8667
1520A,火车站,株洲,113.143,27.8381
1524A,市监测站,株洲,113.1300,27.8528
1552A,桐木岭,贵阳,106.805,26.3003
1559A,大京风景区,株洲,113.251,27.8336
1562A,昭山,湘潭,113.0048,27.9153
1564A,韶山,湘潭,112.4876,27.9164
1585A,市环境监测站,包头,109.8756,40.6532
1586A,包百大楼,包头,109.8104,40.6575
1587A,东河城环局,包头,110.0067,40.5905
1588A,青山宾馆,包头,109.8538,40.6821
1589A,惠龙物流,包头,109.8654,40.6288
1590A,东河鸿龙湾,包头,110.0377,40.5546
1591A,综合楼,鄂尔多斯,110.0023,39.8129
1592A,巴音孟克林场办事处,鄂尔多斯,109.9486,39.8261
1593A,康泽苑,鄂尔多斯,109.7736,39.5986
1594A,华泰汽车城,鄂尔多斯,109.8119,39.5989
1595A,奥林花园,鄂尔多斯,109.9734,39.7884
1596A,学府南路,营口,122.2414,40.6592
1597A,大庆路,营口,122.2703,40.7094
1598A,镜湖西路,营口,122.2150,40.6511
1599A,西炮台,营口,122.1658,40.6789
1600A,江湾东路,丹东,124.3303,40.0625
1601A,临江后街,丹东,124.4256,40.1503
1602A,元宝山,丹东,124.3933,40.1461
1603A,民主桥,丹东,124.3678,40.1194
1604A,开发区,盘锦,122.0247,41.1556
1605A,兴隆台,盘锦,122.0539,41.0903
1606A,新生街道,盘锦,121.8350,41.1042
1607A,龙港区,葫芦岛,120.9092,40.7136
1608A,化工街,葫芦岛,120.8392,40.7514
1609A,新区,葫芦岛,120.8478,40.7150
1610A,东城区,葫芦岛,120.8631,40.7736
1611A,涂山街,泉州,118.5819,24.9117
1612A,津头埔,泉州,118.5972,24.8978
1613A,万安,泉州,118.6663,24.9424
1614A,清源山,泉州,118.6108,24.9617
1615A,植物油厂,莱芜,117.6850,36.2050
1616A,技术学院,莱芜,117.6789,36.2289
1617A,日升国际,莱芜,117.7150,36.2081
1618A,沂河小区,临沂,118.3418,35.0573
1619A,鲁南制药厂,临沂,118.2939,35.0622
1620A,新光毛纺厂,临沂,118.2764,34.9817
1621A,河东保险公司,临沂,118.4023,35.0896
1622A,儿童乐园,德州,116.3061,37.4664
1623A,黑马集团,德州,116.2729,37.4504
1624A,监理站,德州,116.3189,37.4489
1625A,区政府,聊城,115.9848,36.4372
1626A,二轻机,聊城,115.9968,36.4568
1627A,党校,聊城,115.9835,36.4796
1628A,市环保局,滨州,118.0062,37.3803
1629A,第二水厂,滨州,118.0018,37.3617
1630A,北中新校,滨州,117.9776,37.3930
1631A,人民公园,淄博,118.0482,36.8088
1632A,东风化工厂,淄博,118.0448,36.8380
1633A,双山,淄博,117.8477,36.4970
1634A,气象站,淄博,117.9544,36.6377
1635A,莆田园,淄博,118.3092,36.8198
1636A,三金集团,淄博,117.8512,36.8041
1637A,市中区政府,枣庄,117.5564,34.8640
1638A,薛城环保局,枣庄,117.2852,34.7837
1639A,峄城区政府,枣庄,117.5852,34.7745
1640A,台儿庄区环保局,枣庄,117.7320,34.5667
1641A,山亭区环保局,枣庄,117.4518,35.0992
1642A,开发区,烟台,121.2514,37.5639
1643A,轴承厂,烟台,121.3719,37.5433
1644A,西郊化工站,烟台,121.3181,37.5436
1645A,莱山环保局,烟台,121.4478,37.4822
1646A,福山环保局,烟台,121.2611,37.4967
1647A,牟平环保局,烟台,121.5953,37.3872
1648A,仲裁委,潍坊,119.1200,36.7019
1649A,刘家园,潍坊,119.0919,36.7306
1650A,环保局,潍坊,119.1425,36.7008
1651A,共达公司,潍坊,119.1614,36.6572
1652A,寒亭监测站,潍坊,119.1939,36.7731
1653A,火炬城,济宁,116.6305,35.4280
1654A,监测站,济宁,116.5856,35.4144
1655A,电化厂,济宁,116.5546,35.4039
1656A,监测站,泰安,117.1436,36.1942
1657A,人口学校,泰安,117.0881,36.1942
1658A,电力学校,泰安,117.1081,36.1758
1659A,监测站,日照,119.4641,35.4178
1660A,市政府广场,日照,119.5198,35.4234
1661A,港务局,日照,119.5400,35.3962
1662A,华夏技校,威海,122.1206,37.4294
1663A,山大分校,威海,122.0508,37.5325
1664A,市监测站,威海,122.1067,37.5072
1665A,西城阳光环保公司,东营,118.5019,37.4658
1666A,市环保局,东营,118.6672,37.4314
1667A,耿井村,东营,118.5857,37.4442
1668A,广南水库,东营,118.8192,37.3781
1669A,市八中,韶关,113.586606,24.769519
1670A,碧湖山庄,韶关,113.5593889,24.81119444
1671A,园林处,韶关,113.598061,24.795928
1672A,韶关学院,韶关,113.6734722,24.77908333
1673A,曲江监测站,韶关,113.5970833,24.68636111
1674A,金平子站,汕头,116.6794,23.3667
1675A,龙湖子站,汕头,116.7244,23.3633
1676A,濠江子站,汕头,116.7258,23.2775
1677A,澄海子站,汕头,116.7519,23.4714
1678A,潮阳子站,汕头,116.6092,23.2539
1679A,潮南子站,汕头,116.4019,23.2536
1680A,湛江影剧院,湛江,110.3539,21.2706
1681A,市环境监测站,湛江,110.3928,21.2228
1682A,环保局宿舍,湛江,110.4019,21.1997
1683A,霞山游泳场,湛江,110.4111,21.2028
1684A,麻章区环保局,湛江,110.3316,21.2679
1685A,坡头区环保局,湛江,110.4558,21.2567
1686A,市环保局茂港分局,茂名,111.0286,21.4689
1687A,茂石化七小,茂名,110.9294,21.6533
1688A,健康路,茂名,110.9067,21.6669
1689A,高岭,茂名,110.8592,21.6828
1690A,嘉应大学,梅州,116.1278,24.3289
1691A,梅县新城,梅州,116.0797,24.2719
1692A,环境监控中心,梅州,116.1248,24.2654
1693A,市环保局,汕尾,115.3653,22.775
1694A,市政府,汕尾,115.3706,22.7898
1695A,新城中学,汕尾,115.3622,22.7925
1696A,源西,河源,114.6778,23.7569
1697A,东埔,河源,114.6944,23.7586
1698A,老城,河源,114.6892,23.7233
1699A,鸳鸯湖,阳江,111.9786,21.8586
1700A,南恩路,阳江,111.9508,21.8536
1701A,马南垌,阳江,111.9494,21.8650
1702A,环保大楼,清远,113.0425,23.6936
1703A,凤城街办,清远,113.0208,23.7106
1704A,高新区,清远,113.0622,23.6272
1705A,西园路,潮州,116.6339,23.6714
1706A,档案局,潮州,116.6447,23.6706
1707A,市政公司,潮州,116.6175,23.6531
1708A,新兴,揭阳,116.3697,23.5353
1709A,西马,揭阳,116.3242,23.5486
1710A,东兴,揭阳,116.3594,23.5739
1711A,渔湖,揭阳,116.4094,23.5292
1712A,新市府,云浮,112.0392,22.9169
1713A,市监测站,云浮,112.0369,22.9394
1714A,牧羊,云浮,112.0539,22.9539
1715A,东风水库,玉溪,102.5778,24.3694
1716A,市监测站,玉溪,102.5433,24.3603
1717A,大营街镇,玉溪,102.4964,24.3411
1718A,市气象局,菏泽,115.42277,35.248889
1719A,市政协,菏泽,115.474722,35.2375
1720A,菏泽学院,菏泽,115.455,35.27
1721A,果树场,大同,113.3819,40.1097
1722A,红旗广场,大同,113.2858,40.0958
1723A,云冈宾馆,大同,113.2994,40.0758
1724A,大同大学,大同,113.3444,40.0917
1725A,安家小村,大同,113.2661,40.1269
1726A,教育学院,大同,113.2711,40.0844
1727A,清华站,长治,113.1097,36.1542
1728A,监测站,长治,113.0972,36.1939
1729A,澳瑞特,长治,113.1466,36.1961
1730A,审计局,长治,113.0886,36.2126
1731A,长治八中,长治,113.0844444,36.1855
1732A,市监测站,临汾,111.5125,36.0978
1733A,临钢医院,临汾,111.5531,36.0783
1734A,技工学校,临汾,111.5028,36.0714
1735A,工商学校,临汾,111.5169,36.0822
1736A,市委,临汾,111.5025,36.0875
1737A,南机场,临汾,111.4917,36.0417
1738A,市中心,阳泉,113.5753,37.8564
1739A,赛鱼,阳泉,113.4922,37.8792
1740A,南庄,阳泉,113.5922,37.8561
1741A,白羊墅,阳泉,113.6292,37.8531
1742A,平坦,阳泉,113.5689,37.8694
1743A,大阳泉,阳泉,113.5158,37.8500
1744A,松山一中,赤峰,118.9233,42.2814
1745A,哈达街,赤峰,118.9572,42.2725
1746A,天义路,赤峰,118.8789,42.2556
1747A,松山路,赤峰,119.2719,42.0317
1748A,深沟寺,鞍山,123.0440,41.1196
1749A,太阳城,鞍山,123.0110,41.0931
1750A,太平,鞍山,123.0485,41.1442
1751A,铁西三道街,鞍山,122.9642,41.0971
1752A,铁西工业园区,鞍山,122.9481,41.0833
1753A,明达新区,鞍山,123.0156,41.0831
1754A,千山,鞍山,123.1289,41.0228
1755A,望花区,抚顺,123.8100,41.8469
1756A,顺城区,抚顺,123.9169,41.8828
1757A,东洲区,抚顺,124.0383,41.8625
1758A,新抚区,抚顺,123.9000,41.8594
1759A,大伙房水库,抚顺,124.0878,41.8864
1760A,沈抚新城,抚顺,123.7117,41.8417
1761A,大峪,本溪,123.8436,41.3283
1762A,溪湖,本溪,123.7528,41.3369
1763A,彩屯,本溪,123.7308,41.3047
1764A,东明,本溪,123.7669,41.2864
1765A,新立屯,本溪,123.7989,41.2692
1766A,威宁,本溪,123.8142,41.3472
1767A,南山,锦州,121.0986,41.0781
1768A,开发区,锦州,121.0450,40.8333
1769A,百股街道,锦州,121.2008,41.1219
1770A,天安街道,锦州,121.1178,41.1222
1771A,北湖公园,锦州,121.1303,41.1386
1772A,哈达湾,吉林,126.5550,43.8875
1773A,东局子,吉林,126.5844,43.8358
1774A,电力学院,吉林,126.4978,43.8228
1775A,江北,吉林,126.5786,43.8947
1776A,江南公园,吉林,126.5500,43.8256
1777A,农科院,吉林,,
1778A,丰满,吉林,126.6772,43.7256
1779A,安居小区,齐齐哈尔,123.9305,47.3636
1780A,中心广场,齐齐哈尔,123.9305,47.3386
1781A,农牧车辆厂,齐齐哈尔,123.9483,47.3227
1782A,富区环保局,齐齐哈尔,123.6261,47.2030
1783A,市环境监测站,齐齐哈尔,123.9450,47.2988
1784A,环保大楼　,牡丹江,129.6100,44.5610
1785A,文化广场　,牡丹江,129.6115,44.5782
1786A,第一医院,牡丹江,129.5902,44.5952
1787A,机车工厂,牡丹江,129.6459,44.6104
1788A,第一中学,牡丹江,129.6386,44.5462
1789A,大同区,大庆,124.8354,46.0347
1790A,龙凤区,大庆,125.1120,46.5280
1791A,红岗区,大庆,124.8847,46.3991
1792A,萨尔图区,大庆,125.1386,46.5776
1793A,让胡路区,大庆,124.8648,46.6219
1794A,监测站,芜湖,118.3528,31.3508
1795A,科创中心,芜湖,118.3700,31.4189
1796A,四水厂,芜湖,118.3708,31.3178
1797A,五七二零厂,芜湖,118.4022,31.3839
1798A,湖东路四小,马鞍山,118.5058,31.6861
1799A,天平服装,马鞍山,118.4828,31.6411
1800A,慈湖二小,马鞍山,118.5106,31.7506
1801A,马钢动力厂,马鞍山,118.4800,31.6928
1802A,市教育基地,马鞍山,118.6439,31.7133
1803A,十里,九江,115.9872,29.6816
1804A,茅山头,九江,115.9581,29.7048
1805A,西园,九江,115.9880,29.7292
1806A,五七二七厂,九江,116.0174,29.6535
1807A,水科所,九江,116.0628,29.6926
1808A,综合工业园,九江,115.9114,29.6039
1809A,石化总厂,九江,116.0726,29.7534
1810A,庐山气象台,九江,115.9936,29.5867
1811A,中信二小,洛阳,112.3628,34.6692
1812A,市委党校,洛阳,112.3939,34.6511
1813A,市监测站,洛阳,112.4333,34.6700
1814A,豫西宾馆,洛阳,112.4664,34.6869
1815A,河南林校,洛阳,112.4831,34.6869
1816A,开发区管委会,洛阳,112.3844,34.6231
1817A,市委新办公区,洛阳,112.4275,34.6258
1818A,棉研所,安阳,114.483,36.061
1819A,红庙街,安阳,114.3200,36.086
1820A,银杏小区,安阳,114.358,36.087
1821A,环保局,安阳,114.3931,36.0883
1822A,铁佛寺,安阳,114.2860,36.1100
1823A,河大一附院,开封,114.3406,34.8022
1824A,肿瘤医院,开封,114.3389,34.7781
1825A,妇幼保健院,开封,114.3733,34.7975
1826A,世纪星幼儿园,开封,114.2886,34.7967
1827A,市监测站　,焦作,113.261,35.235
1828A,市环保局　,焦作,113.227,35.213
1829A,高新区政府,焦作,113.2464,35.1764
1830A,影视城,焦作,113.1992,35.2590
1831A,高压开关厂,平顶山,113.3064,33.7214
1832A,新华旅馆,平顶山,113.322,33.721
1833A,规划设计院,平顶山,113.292,33.739
1834A,平顶山工学院,平顶山,113.182,33.737
1835A,市政府,三门峡,111.1928,34.7772
1836A,开发区,三门峡,111.1580,34.7940
1837A,二  印,三门峡,111.1858,34.7917
1838A,风景区,三门峡,111.1489,34.7997
1839A,四零三,宜昌,111.3009,30.7157
1840A,白龙岗,宜昌,111.2992,30.6980
1841A,伍家岗,宜昌,111.3549,30.6463
1842A,点军区,宜昌,111.2680,30.6960
1843A,夷陵区,宜昌,111.3296,30.7819
1844A,市图书馆,荆州,112.2551,30.3175
1845A,市委党校,荆州,112.2068,30.3515
1846A,科融环保,荆州,112.2887,30.3055
1847A,南湖风景区,岳阳,113.1094,29.3578
1848A,城陵矶,岳阳,113.1493,29.4251
1849A,开发区,岳阳,113.1772,29.3678
1850A,云溪区,岳阳,113.2621,29.4758
1851A,君山区,岳阳,112.9943,29.4402
1852A,金凤水库,岳阳,113.2117,29.3550
1853A,市监测站,常德,111.7044,29.0244
1854A,市二中,常德,111.6975,28.9703
1855A,鼎城区环保局,常德,111.6753,29.0239
1856A,市技术监督局,常德,111.6794,29.0381
1857A,白鹤山,常德,111.7158,29.1456
1858A,永定新区,张家界,110.4800,29.1389
1859A,电业局,张家界,110.4697,29.1242
1860A,未央路,张家界,110.5594,29.3547
1861A,袁家界,张家界,110.4417,29.3150
1862A,电子科大尧山校区,桂林,110.4144,25.3167
1863A,监测站,桂林,110.2819,25.2697
1864A,龙隐路小学,桂林,110.3089,25.2708
1865A,八中,桂林,110.2869,25.2178
1866A,牛尾岭水库,北海,109.2256,21.5958
1867A,海滩公园,北海,109.1436,21.4086
1868A,新市环保局,北海,109.0981,21.4661
1869A,北海工业园,北海,109.1778,21.5233
1870A,柳东小学,柳州,109.4883,24.3898
1871A,环保监测站,柳州,109.4108,24.3304
1872A,河西水厂,柳州,109.3886,24.3406
1873A,市四中,柳州,109.4221,24.2990
1874A,市九中,柳州,109.3957,24.3663
1875A,古亭山,柳州,109.4839,24.3158
1876A,河东子站,三亚,109.5078,18.2489
1877A,河西子站,三亚,109.4964,18.2681
1878A,富乐山,绵阳,104.7778,31.4747
1879A,市人大,绵阳,104.7536,31.4539
1880A,高新区自来水公司,绵阳,104.6717,31.4656
1881A,三水厂,绵阳,104.7283,31.5072
1882A,石马中学,宜宾,104.5969,28.8194
1883A,市委,宜宾,104.6225,28.76611
1884A,宜宾四中,宜宾,104.6061,28.7867
1885A,市政府,宜宾,104.6417,28.76389
1886A,黄金嘴,宜宾,104.5761,28.71583
1887A,沙坪中学,宜宾,104.6789,28.7989
1888A,弄弄坪,攀枝花,101.68912,26.57098
1889A,河门口,攀枝花,101.5769,26.5928
1890A,炳草岗,攀枝花,101.7169,26.5850
1891A,仁和,攀枝花,101.7453,26.5017
1893A,九狮山,泸州,105.4306,28.9583
1894A,小市上码头,泸州,105.4436,28.9026
1895A,兰田宪桥,泸州,105.4322,28.8558
1896A,市环监站,泸州,105.4322,28.8833
1897A,大塘山,自贡,104.7547,29.3628
1898A,盐马路,自贡,104.7214,29.3586
1899A,檀木林街,自贡,104.7747,29.3564
1900A,春华路,自贡,104.7692,29.3411
1901A,东山公园,德阳,104.4219,31.1208
1902A,西小区,德阳,104.3883,31.1333
1903A,市检察院,德阳,104.4053,31.1167
1904A,耐火材料厂,德阳,104.3539,31.1108
1905A,西山风景区,南充,106.0560,30.8064
1906A,南充市委,南充,106.0789,30.8023
1907A,南充炼油厂,南充,106.1031,30.8217
1908A,高坪区监测站,南充,106.1064,30.7856
1909A,嘉陵区环保局,南充,106.0642,30.7636
1910A,市环境监测站,南充,106.1087,30.8388
1911A,丁字口,遵义,106.9222,27.6869
1912A,凤凰山,遵义,106.9242,27.7019
1913A,忠庄,遵义,106.8906,27.6486
1914A,舟水桥,遵义,106.9231,27.6506
1915A,干田坝,遵义,106.9178,27.7200
1916A,环境监测站,曲靖,103.7897,25.5035
1917A,烟厂办公区,曲靖,103.8000,25.5364
1918A,气象站,咸阳,108.7197,34.3956
1919A,中华小区,咸阳,108.6761,34.3181
1920A,师范学院,咸阳,108.7233,34.3617
1921A,中医学院,咸阳,108.7369,34.3164
1922A,党校,铜川,109.0656,35.0994
1923A,王益区政府,铜川,109.0697,35.0697
1924A,新区管委会,铜川,108.9344,34.9058
1925A,新区兰芝公司,铜川,108.9589,34.8731
1926A,枣园,延安,109.4131,36.6275
1927A,延大医附院,延安,109.4761,36.6028
1928A,市监测站,延安,109.4824,36.5767
1929A,百米大道,延安,109.5056,36.6106
1930A,庙沟村,宝鸡,107.1586,34.3708
1931A,竹园沟,宝鸡,107.0708,34.3017
1932A,三陆医院,宝鸡,107.1906,34.3672
1933A,监测站,宝鸡,107.1431,34.3547
1934A,技工学校,宝鸡,107.1186,34.3739
1935A,陈仓环保局,宝鸡,107.3906,34.3528
1936A,文理学院,宝鸡,107.2058,34.3497
1937A,三迪小学,宝鸡,107.2386,34.3622
1938A,农科所,渭南,109.5293,34.5101
1939A,日报社,渭南,109.5049,34.5004
1940A,体育馆,渭南,109.4636,34.4930
1941A,高新一小,渭南,109.4266,34.5021
1942A,市科委,金昌,102.1878,38.5247
1943A,新川苑,金昌,102.1725,38.5339
1944A,公司二招,金昌,102.1708,38.5061
1945A,气象局,嘉峪关,98.2908,39.7711
1946A,酒钢耐材公司,嘉峪关,,
1947A,沙湖旅游区,石嘴山,106.3394,38.8170
1948A,大武口黄河东街,石嘴山,106.3717,39.0153
1949A,惠农南大街,石嘴山,106.7704,39.2282
1950A,红果子镇惠新街,石嘴山,106.7096,39.1292
1951A,长征新村,克拉玛依,84.8861,45.6033
1952A,南林小区,克拉玛依,84.8897,45.5828
1953A,白碱滩区,克拉玛依,85.1186,45.6886
1954A,独山子区,克拉玛依,84.8983,44.3336
1955A,乌尔禾区商贸楼,克拉玛依,85.6931,46.0872
1956A,孔雀公园,库尔勒,86.1461,41.7511
1957A,棉纺厂,库尔勒,86.2022,41.7192
1958A,经济开发区,库尔勒,86.2381,41.7128
1959A,监测站,寿光,118.746,36.881
1960A,世纪学校,寿光,118.780,36.864
1961A,环境监测站,章丘,117.541,36.710
1962A,明水开发区,章丘,117.541,36.710
1963A,环保局子站,即墨,120.610,36.440
1964A,开发区子站,即墨,120.470,36.390
1965A,JN子站,胶南,120.005,35.878
1966A,2号子站,胶南,120.039,35.872
1967A,胶州环保局,胶州,120.008,36.283
1968A,胶州一中,胶州,120.014,36.253
1969A,环保局子站,莱西,120.537,36.865
1970A,人民广场子站,莱西,120.515,36.885
1971A,1号,平度,119.952,36.792
1972A,2号,平度,119.976,36.799
1973A,蓬莱环保局,蓬莱,120.747,37.825
1974A,蓬莱博物馆,蓬莱,120.773,37.809
1975A,招远环保局,招远,120.399,37.374
1976A,招远教育局,招远,120.394,37.364
1977A,莱州环保局,莱州,119.941,37.177
1978A,莱州外经委,莱州,119.959,37.180
1979A,荣成市环保局办公楼,荣成,122.471,37.154
1980A,山东成山轮胎公司,荣成,122.410,37.161
1981A,文登市环保局,文登,122.038,37.197
1982A,文登市丝绸公司,文登,122.019,37.187
1983A,乳山市环保局,乳山,121.531,36.913
1984A,乳山市气象局,乳山,121.544,36.907
1985A,吴江市环保局,吴江,120.636,31.155
1986A,教师进修学校,吴江,120.635,31.170
1987A,吴江开发区,吴江,120.658,31.172
1988A,昆山实验小学,昆山,120.953,31.388
1989A,震川中学,昆山,120.999,31.381
1990A,海虞子站,常熟,120.758,31.670
1991A,兴福子站,常熟,120.721,31.671
1992A,菱塘子站,常熟,120.734,31.656
1993A,张家港市监测站,张家港,120.526,31.874
1994A,城北小学,张家港,120.550,31.882
1995A,太仓市监测站,太仓,121.115,31.453
1996A,科教新城实小,太仓,121.140,31.422
1997A,消防指挥中心,句容,119.146,31.955
1998A,房家坝,句容,119.180,31.955
1999A,虹桥邮政,江阴,120.268,31.920
2000A,五星公园,江阴,120.237,31.909
2001A,第二实验小学,江阴,120.302,31.920
2002A,宜兴市环保局,宜兴,119.818,31.354
2003A,宜园,宜兴,119.794,31.371
2004A,金坛市环境监测站,金坛,119.579,31.751
2005A,金坛市自来水公司,金坛,119.579,31.737
2006A,溧阳市东门子站,溧阳,119.460,31.400
2007A,燕山子站,溧阳,119.438,31.317
2008A,海门市监测站,海门,121.173,31.896
2009A,蓓蕾幼儿园,海门,121.1518,31.89708
2010A,市政府,临安,119.7183,30.2366
2011A,四中,临安,119.6942,30.2311
2012A,监测站,富阳,119.954,30.054
2013A,富春二小,富阳,119.946,30.049
2014A,江东,义乌,120.091,29.305
2015A,北苑,义乌,120.040,29.334
2016A,图书馆,诸暨,120.251,29.719
2017A,富林印务,诸暨,120.209,29.732
2018A,抱龙山庄,瓦房店,121.989,39.625
2019A,东山公园,瓦房店,122.011,39.617
2031A,云田中学,株洲,113.1817,27.9958
2054A,平桥分局,信阳,114.1044,32.1078
2064A,南湾水厂,信阳,114.0122,32.1403
2065A,市酿酒公司,信阳,114.0681,32.1342
2066A,审计局,信阳,114.0614,32.1383
2067A,市环境监测站,周口,114.6613,33.6128
2068A,周口师范,周口,114.6758,33.6347
2069A,市运管处,周口,114.6546,33.5979
2070A,川汇区环保局,周口,114.6369,33.6406
2073A,蓝田,漳州,117.7206,24.5086
2074A,漳州三中,漳州,117.6569,24.5157
2075A,九湖,漳州,117.6336,24.4674
2160A,自来水公司,晋城,112.85,35.5051
2161A,白云商贸,晋城,112.835,35.4934
2162A,市环保局,晋城,112.8564,35.4883
2163A,技术学院,晋城,112.8664,35.4894
2164A,泽州一中,晋城,112.8252,35.4813
2165A,白马寺,晋城,112.8453,35.546
2166A,平朔,朔州,112.44,39.3514
2167A,朔唯,朔州,112.4549,39.3606
2168A,区政府,朔州,112.4254,39.3179
2169A,市环保局,朔州,112.4078,39.3265
2170A,市二中,朔州,112.4279,39.3673
2171A,锦纶小区,晋中,112.7549,37.7019
2172A,榆次液压件厂,晋中,,
2173A,南都小区,晋中,112.7306,37.7111
2174A,榆次区政府,晋中,112.7105,37.7087
2175A,运城中学,运城,110.9956,35.0147
2176A,禹都开发区,运城,111.0233,35.0611
2177A,运城学院,运城,,
2178A,地区技校,运城,110.9678,35.0308
2179A,空港新区,运城,111.0414,35.1147
2180A,机引,忻州,112.7356,38.4186
2181A,开发区,忻州,112.7383,38.4519
2182A,会展中心,忻州,112.7003,38.4928
2183A,环保局,吕梁,111.1406,37.5211
2184A,豆制品厂,吕梁,,
2185A,自来水公司,吕梁,111.1297,37.5136
2186A,聚英学校,乌海,106.8219,39.6719
2187A,市林业局,乌海,106.8089,39.6969
2188A,中海勃湾学校,乌海,106.7931,39.6572
2189A,通辽宾馆,通辽,122.2603,43.6267
2190A,胶建铝业,通辽,122.3039,43.6156
2191A,艺术职业学校,通辽,122.2532,43.6801
2192A,区环保局,呼伦贝尔,119.7594,49.2261
2193A,市艺校,呼伦贝尔,119.7283,49.2014
2194A,秋林养殖基地,巴彦淖尔,107.5936,40.916
2195A,附中,巴彦淖尔,107.4211,40.7608
2196A,市环保大楼,巴彦淖尔,107.3715,40.7378
2197A,集宁新区,乌兰察布,113.1306,40.9923
2198A,集宁旧区西,乌兰察布,113.0974,41.038
2199A,盟监测站,兴安盟,122.062,46.0872
2200A,胜华新制药厂,兴安盟,122.0506,46.0703
2201A,科右前旗环保局,兴安盟,121.9462,46.0756
2202A,市环保监测站,锡林郭勒盟,116.1042,43.9317
2203A,市政府,锡林郭勒盟,116.0781,43.9311
2204A,体育场,阿拉善盟,105.6775,38.8343
2205A,盟环保楼,阿拉善盟,105.6975,38.843
2206A,环保局新楼,阿拉善盟,105.724,38.8516
2207A,工业园区,阜新,121.6178,41.9967
2208A,长青街,阜新,121.6561,42.0186
2209A,农业园区,阜新,121.6972,42.0503
2210A,东苑,阜新,121.6722,42.0228
2211A,玉龙新城,阜新,121.6592,42.0486
2212A,宏伟区,辽阳,123.2,41.1953
2213A,新华园,辽阳,123.15,41.2553
2214A,滨河路,辽阳,123.1761,41.2736
2215A,铁西工业园,辽阳,123.1417,41.2894
2216A,汇工街西,铁岭,123.8139,42.3022
2217A,水上乐园,铁岭,123.8831,42.2953
2218A,银州路东段,铁岭,123.8489,42.2864
2219A,金沙江路北,铁岭,123.7153,42.2217
2220A,西梁,朝阳,120.4439,41.5931
2221A,河畔小区,朝阳,120.4486,41.5672
2222A,八里堡,朝阳,120.4247,41.5647
2223A,农业园区,朝阳,120.3939,41.615
2224A,监测站,四平,124.3419,43.1747
2225A,一商场,四平,124.3711,43.1594
2226A,境园,四平,124.3897,43.1847
2227A,环保局,辽源,125.1358,42.8947
2228A,污水处理厂,辽源,125.1567,42.8953
2229A,光明,通化,125.9361,41.7156
2230A,铁路,通化,125.9486,41.7381
2231A,喜丰,白山,126.4047,41.9206
2232A,环保局,白山,126.4078,41.9419
2233A,江南,松原,124.8292,45.0878
2234A,江北,松原,124.8528,45.1642
2235A,洮北区环保局,白城,122.8444,45.6289
2236A,市环保局,白城,122.8211,45.6175
2237A,妇幼医院,延边州,129.4892,42.8939
2238A,延边医院,延边州,129.5042,42.9061
2239A,朝阳川镇医院,延边州,129.3675,42.8775
2240A,环保局　,鸡西,130.962,45.2924
2241A,自来水公司　,鸡西,130.9817,45.305
2242A,白酒厂　,鸡西,131.0103,45.2948
2243A,气象局　,鸡西,130.9298,45.2978
2244A,哈啤分公司,鹤岗,130.2659,47.3349
2245A,斯达机电,鹤岗,130.261,47.2753
2246A,东山纸板厂,鹤岗,130.3172,47.3489
2247A,五号水库,鹤岗,130.1097,47.3382
2248A,双合村,双鸭山,131.1638,46.6572
2249A,南小市,双鸭山,131.1651,46.619
2250A,环保局,双鸭山,131.1516,46.6462
2251A,苗圃,双鸭山,131.1572,46.5888
2252A,中心医院,伊春,128.8736,47.7222
2253A,林管局,伊春,128.9094,47.7317
2254A,汤旺河国家公园,伊春,129.4942,48.4658
2255A,佳纺,佳木斯,130.2719,46.8025
2256A,发电厂,佳木斯,130.3961,46.8267
2257A,环保局,佳木斯,130.3258,46.7975
2258A,十一中,佳木斯,130.3648,46.8032
2259A,四丰,佳木斯,130.3794,46.7588
2260A,环保局,七台河,131.0032,45.7677
2261A,新建　,七台河,130.8625,45.8194
2262A,葫头沟,七台河,130.9467,45.8309
2263A,交通局　,黑河,127.4961,50.2486
2264A,党校,黑河,127.5044,50.2391
2265A,地震局　,黑河,127.4143,50.2538
2266A,人和东街,绥化,126.9934,46.6384
2267A,党政办公中心,绥化,126.9636,46.6527
2268A,环保局,大兴安岭地区,124.1186,50.4269
2269A,公安局,大兴安岭地区,124.1303,50.4217
2270A,工人疗养院,蚌埠,117.3961,32.939
2271A,百货大楼,蚌埠,117.3575,32.9444
2272A,二水厂,蚌埠,117.3086,32.935
2273A,蚌埠学院,蚌埠,117.4186,32.8913
2274A,淮上区政府,蚌埠,117.3536,32.9673
2275A,高新区,蚌埠,117.3065,32.8985
2276A,大通区政府,淮南,117.0417,32.6611
2277A,潘集区政府,淮南,116.8028,32.7639
2278A,师范学院,淮南,117.0083,32.645
2279A,谢家集区政府,淮南,116.8556,32.6028
2280A,八公山区政府,淮南,116.8306,32.6319
2281A,焦岗湖风景区管理处,淮南,116.7039,32.625
2282A,监测站,淮北,116.8008,33.975
2283A,烈山区政府,淮北,116.8067,33.8997
2284A,职业技术学院,淮北,116.7844,33.9461
2285A,市第四中学,铜陵,117.8178,30.9414
2286A,市公路局,铜陵,117.8078,30.9222
2287A,市新民污水厂,铜陵,117.7806,30.9414
2288A,市第九中学,铜陵,117.7442,30.8811
2289A,车站新区,铜陵,117.8561,30.9219
2290A,市职教基地,铜陵,117.8472,30.9697
2291A,环科院,安庆,117.0549,30.5103
2292A,马山宾馆,安庆,117.0331111,30.51197222
2293A,联富花园,安庆,117.0486,30.5489
2294A,安庆大学,安庆,116.9894,30.6145
2295A,延安路89号,黄山,118.3057,29.7128
2296A,黄山东路89号,黄山,118.3236,29.7207
2297A,黄山区政府5号楼,黄山,118.1371,30.2756
2298A,老年大学,滁州,118.3094,32.3153
2299A,人大宾馆,滁州,118.3244,32.2786
2300A,监测站,滁州,118.3158,32.3061
2301A,市监测站,阜阳,115.8275,32.8928
2302A,市委党校,阜阳,,
2303A,开发区,阜阳,115.8556,32.8603
2304A,监测楼,宿州,116.9765,33.6481
2305A,一中,宿州,116.9677,33.6284
2306A,火车站,宿州,116.989,33.63063889
2307A,监测大楼,六安,116.508,31.7371
2308A,皖西学院,六安,116.478,31.7618
2309A,朝阳厂,六安,116.5068,31.7797
2310A,开发区,六安,116.5661,31.7712
2311A,污水处理厂,亳州,115.8067,33.8399
2312A,三国揽胜宫,亳州,115.7831,33.8561
2313A,环保大楼,池州,117.4808,30.6414
2314A,池州学院,池州,117.4697,30.6617
2315A,平天湖,池州,117.4974,30.6539
2316A,鳌峰子站,宣城,118.7581,30.9447
2317A,敬亭山子站,宣城,118.7386,30.9742
2318A,开发区子站,宣城,118.7175,30.9431
2319A,荔城区仓后路,莆田,119.0156,25.442
2320A,莆田市监测站,莆田,119.0018,25.4552
2321A,涵江区六中,莆田,119.1117,25.4556
2322A,秀屿区政府,莆田,119.1015,25.3214
2323A,东圳水库,莆田,118.981,25.4792
2324A,三钢,三明,117.6211,26.2625
2325A,三明二中,三明,117.6353,26.2708
2326A,三元区政府,三明,117.6028,26.2378
2327A,洋溪,三明,117.7275,26.3108
2331A,茫荡山,南平,118.0966,26.6761
2332A,南平市监测站,南平,118.1694,26.6383
2333A,南平铝业有限公司,南平,118.1819,26.6514
2334A,南平七中,南平,118.1756,26.6272
2335A,龙岩师专,龙岩,117.0181,25.1174
2336A,龙岩市监测站,龙岩,117.0216,25.1035
2337A,闽西职业技术学院,龙岩,117.0256,25.0661
2338A,龙岩学院,龙岩,117.0151,25.0311
2339A,金涵水库,宁德,119.5001,26.6946
2340A,蕉城区农机局,宁德,119.5202,26.6607
2341A,宁德市监测站,宁德,119.5392,26.6611
2342A,王岗中学,景德镇,117.3097,29.3864
2343A,老干部活动中心,景德镇,117.2111,29.2958
2344A,兽医站,景德镇,117.1983,29.2786
2345A,台达陶瓷,景德镇,117.1558,29.2647
2346A,陶研所,景德镇,117.2461,29.2956
2347A,武功山气象站,萍乡,114.0944,27.4948
2348A,中医院,萍乡,113.8381,27.6428
2349A,市政府车库,萍乡,113.8447,27.6231
2350A,市环保局,萍乡,113.8686,27.6442
2351A,安源区政府,萍乡,113.865,27.6178
2352A,北岗,新余,115.0586,27.7758
2353A,飞宇,新余,114.9831,27.8344
2354A,第二水厂,新余,114.9289,27.8328
2355A,市气象局,新余,114.9314,27.8036
2356A,新钢氧气厂,新余,114.9119,27.8042
2357A,龙虎山,鹰潭,116.9622,28.095
2358A,新监测站,鹰潭,117.0564,28.2642
2359A,财苑宾馆,鹰潭,117.0281,28.2403
2360A,体育馆,鹰潭,117.0222,28.2264
2361A,三川水表,鹰潭,116.9983,28.2169
2362A,通天岩,赣州,114.9064,25.9118
2363A,地委,赣州,114.9367,25.8664
2364A,气象台,赣州,114.9461,25.8481
2365A,市图书馆,赣州,114.9322,25.8333
2366A,华坚鞋城,赣州,114.8905,25.8471
2367A,红声器材厂,吉安,114.9817,27.0658
2368A,市森林工业局,吉安,114.9739,27.11
2369A,市环境监测站,吉安,114.99,27.1311
2370A,青原区法院,吉安,115.0075,27.0983
2371A,槟榔水业,宜春,114.3442,27.8036
2372A,市中国银行,宜春,114.3806,27.8014
2373A,市石油公司,宜春,114.3953,27.7842
2374A,市气象局,宜春,114.3703,27.7914
2375A,市广电局,宜春,114.4011,27.8072
2376A,桐源党溪,抚州,116.2239,28.0797
2377A,市站,抚州,116.3553,27.9883
2378A,血防站,抚州,116.3598,27.9639
2379A,采茶剧团,抚州,116.3574,28.0005
2380A,医学分院,抚州,116.385,27.9647
2381A,百草园,上饶,118.0058,28.4569
2382A,市监测站,上饶,117.973,28.4459
2383A,凤凰光学,上饶,117.9511,28.4622
2384A,开发区管委会,上饶,117.9033,28.4303
2385A,市监测站,鹤壁,114.17,35.9019
2386A,市交警支队,鹤壁,114.2956,35.7511
2387A,迎宾馆,鹤壁,114.2878,35.7306
2388A,科技学院,新乡,113.926,35.279
2389A,环保西院,新乡,113.836,35.31
2390A,开发区,新乡,113.884,35.272
2391A,环保东院,新乡,113.883,35.303
2392A,环保局,濮阳,115.031,35.763
2393A,紭天威,濮阳,114.9906,35.767
2394A,油田运输公司,濮阳,115.0628,35.7672
2395A,油田物探公司,濮阳,115.0772,35.767
2396A,监测站,许昌,113.8331,34.0117
2397A,环保局,许昌,113.8208,34.0314
2398A,开发区,许昌,113.7906,33.9953
2399A,三五一五工厂,漯河,114.056,33.567
2400A,漯河大学,漯河,114.005,33.568
2401A,水利局,漯河,114.014,33.581
2402A,广电局,漯河,114.0322,33.5653
2403A,环保局　,南阳,112.5192,32.9917
2404A,瓦房庄,南阳,112.5224,33.0122
2405A,汉画馆,南阳,112.5003,32.9735
2406A,气象站,南阳,112.5573,33.027
2407A,理工学院,南阳,112.55,32.9683
2408A,环境监测站　,商丘,115.6697,34.4286
2409A,粮食局　,商丘,115.6558,34.429
2410A,睢阳区环保局　,商丘,115.6386,34.407
2411A,第三人民医院　,商丘,115.6578,34.402
2420A,市一纸厂　,驻马店,114.018,32.965
2421A,市彩印厂　,驻马店,114.0131,33.0069
2422A,天方二分厂　,驻马店,113.996,32.996
2423A,沈家营,黄石,115.0625,30.2352
2424A,陈家湾,黄石,115.0767,30.2028
2425A,新下陆,黄石,114.9551,30.1765
2426A,铁山,黄石,114.8949,30.2043
2427A,经济开发区,黄石,115.0264,30.2099
2428A,武当山,十堰,111.0419,32.395
2429A,滨河新村,十堰,110.78,32.6494
2430A,刘家沟,十堰,110.7258,32.6389
2431A,铁二处,十堰,110.8839,32.5714
2432A,襄城运动路,襄阳,112.155,32.0197
2433A,樊城新华路,襄阳,112.1392,32.0564
2434A,高新管委会,襄阳,112.1825,32.1142
2435A,襄州航空路,襄阳,112.2106,32.0903
2436A,市政府,鄂州,114.8878,30.3944
2437A,赵家坝,鄂州,114.8989,30.3714
2438A,凡口开发区,鄂州,114.8131,30.4133
2439A,竹园小学,荆门,112.2014,31.0483
2440A,掇刀,荆门,112.1969,30.9892
2441A,石化一小,荆门,112.2211,31.0386
2442A,市政府,荆门,112.1931,31.0375
2443A,文化路,孝感,113.9153,30.9285
2444A,东城区,孝感,113.942,30.9075
2445A,大洲岛,黄冈,114.8857,30.4522
2446A,职工中心,黄冈,114.9028,30.4742
2447A,森林公园,咸宁,114.3036,29.8181
2448A,市发改委,咸宁,114.3231,29.8211
2449A,咸安区政府,咸宁,114.2894,29.8539
2450A,长江产业园,咸宁,114.3372,29.8686
2451A,市委党校,随州,113.3583,31.7275
2452A,市林业局,随州,113.3833,31.6908
2453A,市立交桥水厂,随州,113.3983,31.7308
2454A,湖北民院,恩施州,109.5039,30.2989
2455A,州电力总公司,恩施州,109.4689,30.2819
2456A,原169医院,衡阳,112.5328,26.9089
2457A,衡阳化工总厂,衡阳,112.6194,26.9258
2458A,珠晖区环保局,衡阳,112.6211,26.8956
2459A,市委党校,衡阳,112.6197,26.8733
2460A,市监测站,衡阳,112.6006,26.8919
2461A,真空机电公司,衡阳,112.5664,26.9056
2462A,市水土所,邵阳,111.5239,27.3033
2463A,市一中,邵阳,111.4733,27.2317
2464A,市化工厂,邵阳,111.4908,27.2582
2465A,市罐头厂,邵阳,111.4503,27.2537
2466A,市环保局,邵阳,111.4328,27.2272
2467A,甘溪港,益阳,112.4067,28.6428
2468A,市环保局,益阳,112.3458,28.5808
2469A,市特殊教育学校,益阳,112.3439,28.56
2470A,资阳区政务中心,益阳,112.3347,28.6047
2471A,赫山环保分局,益阳,112.3744,28.5819
2472A,马头岭,郴州,113.0073,25.9061
2473A,市职中,郴州,113.0116,25.8226
2474A,兴隆步行街,郴州,113.0119,25.8179
2475A,市审计局,郴州,113.0383,25.8071
2476A,市环保局,郴州,113.0348,25.7759
2477A,零陵南津渡,永州,111.6217,26.2081
2478A,市环境监测站,永州,111.6156,26.4214
2479A,零陵区环保局,永州,111.6236,26.2331
2480A,永州市环保局,永州,111.5992,26.4364
2481A,冷水滩区环保局,永州,111.5989,26.4519
2482A,林科所,怀化,109.9333,27.5733
2483A,河西地税局,怀化,109.9453,27.5444
2484A,市四医院,怀化,109.9792,27.5342
2485A,监测楼,怀化,109.9972,27.5578
2486A,市委党校,怀化,110.0394,27.583
2487A,电视发射台,娄底,111.9975,27.725
2488A,市监测站,娄底,111.9975,27.725
2489A,市委党校,娄底,112.0194,27.7314
2490A,涟钢,娄底,111.9561,27.7569
2491A,市政府,娄底,111.9892,27.7044
2492A,跃进水库,湘西州,109.6414,28.2558
2493A,州政府,湘西州,109.7325,28.3169
2494A,吉首市计生局,湘西州,109.6958,28.2675
2495A,市环保,梧州,111.2897,23.4792
2496A,云盖小学,梧州,111.3178,23.475
2497A,龙圩,梧州,111.2353,23.415
2498A,龙新,梧州,111.26,23.4794
2499A,沙万,防城港,108.3411,21.6158
2500A,防城镇政府,防城港,108.3511,21.7631
2501A,大海花园,防城港,108.3506,21.6414
2502A,市环保站,钦州,108.6236,21.9667
2503A,市农科院,钦州,108.6553,21.9508
2504A,港区一小,钦州,108.5989,21.7431
2505A,德智高中,贵港,109.5681,23.1478
2506A,江南子站　,贵港,109.6042,23.0672
2507A,贵城子站,贵港,109.6014,23.0944
2508A,荷城子站,贵港,109.5683,23.1036
2509A,寒山水库,玉林,110.1106,22.7019
2510A,市监测站,玉林,110.1675,22.6411
2511A,南江一中,玉林,110.1433,22.6164
2512A,市监测站,百色,106.6103,23.9011
2513A,市中心血站,百色,106.6527,23.8844
2514A,环保小区,贺州,111.5269,24.4175
2515A,政协大楼,贺州,111.5622,24.4072
2516A,东仁乐园,河池,108.2134,24.7121
2517A,市环保站,河池,108.054,24.6928
2518A,市疾控中心,河池,108.1009,24.6967
2519A,来宾二中,来宾,109.2131,23.7208
2520A,来冶招待所,来宾,109.2317,23.7369
2521A,市环保局江州分局,崇左,107.3476,22.4137
2522A,城南新区,崇左,107.3701,22.3708
2523A,黑石坡,广元,105.8945,32.4535
2524A,老城,广元,105.8242,32.4429
2525A,南坝,广元,105.8153,32.4246
2526A,监测站,广元,105.8624,32.4285
2527A,石溪浩,遂宁,105.7519,30.5797
2528A,市监测站,遂宁,105.68,30.6133
2529A,行政中心,遂宁,105.8161,30.6347
2530A,美宁食品公司,遂宁,105.5956,30.475
2531A,市监测站,内江,105.0331,29.5953
2532A,东兴区政府,内江,105.0717,29.5947
2533A,内江二中,内江,105.0653,29.5817
2534A,内江日报社,内江,105.0406,29.5822
2535A,乐山大佛景区,乐山,103.7705,29.5467
2536A,牛耳桥,乐山,103.7627,29.5844
2537A,市第三水厂,乐山,103.7506,29.6007
2538A,市监测站,乐山,103.757,29.5634
2539A,蟆颐观,眉山,103.8986,30.0506
2540A,气象局,眉山,103.8416,30.0874
2541A,旭光小区,眉山,103.8495,30.0691
2542A,市监测站,眉山,103.8341,30.062
2543A,小平旧居,广安,106.631,30.518
2544A,市委,广安,106.6303,30.4576
2545A,友谊中学,广安,106.6271,30.4663
2546A,人工湖,广安,106.6406,30.4844
2547A,广电花园,广安,106.6388,30.4551
2548A,达州职业技术学院,达州,107.5272,31.2797
2549A,市环境监测站,达州,107.525,31.215
2550A,凤凰小区,达州,107.4967,31.2108
2551A,达县机关宾馆,达州,107.5069,31.1956
2552A,市政中心,达州,107.4611,31.2058
2553A,大兴526台,雅安,103.009,30.0125
2554A,建安厂,雅安,103.0013,29.9899
2555A,市政府,雅安,103.0109,29.9834
2556A,川农大,雅安,103.0001,29.9816
2557A,南龛公园,巴中,106.7583,31.8475
2558A,市环保局,巴中,106.7389,31.8711
2559A,巴中中学,巴中,106.7594,31.8531
2560A,市六中,巴中,106.7608,31.8456
2561A,莲花山,资阳,104.6617,30.1366
2562A,资阳中学,资阳,104.6356,30.1506
2563A,四三一厂,资阳,104.6289,30.1377
2564A,师范校,资阳,104.6469,30.1142
2565A,区法院,资阳,104.6294,30.1259
2566A,州农科所,阿坝州,102.1755,31.9286
2567A,州监测站,阿坝州,102.2218,31.9025
2568A,马师校,阿坝州,102.2402,31.8934
2569A,将军桥,甘孜州,101.9628,30.0506
2570A,水桥子,甘孜州,101.9603,30.0475
2571A,青龙寺,凉山州,102.3419,27.8094
2572A,邛海宾馆,凉山州,102.2714,27.8408
2573A,西昌市政府,凉山州,102.2625,27.8978
2574A,凉山州政府,凉山州,102.2689,27.8847
2575A,长安,凉山州,102.2311,27.8953
2576A,窑上,六盘水,104.8,26.5892
2577A,黄土坡,六盘水,104.83,26.5917
2578A,水钢,六盘水,104.89,26.5939
2579A,民中,六盘水,104.8475,26.5894
2580A,双水,六盘水,104.9544,26.5506
2581A,虹机厂子校,安顺,105.9556,26.2611
2582A,市一中,安顺,105.9278,26.255
2583A,铁路子校,安顺,105.9394,26.2358
2584A,龙岩子校,安顺,105.8853,26.2392
2585A,铜仁卫校,铜仁地区,109.1916,27.7297
2586A,铜仁七中,铜仁地区,109.1794,27.7231
2587A,八中,毕节,105.2864,27.3125
2588A,师专,毕节,105.31,27.2944
2589A,场坝街,黔西南州,104.9022,25.0925
2590A,坪东大道,黔西南州,104.8811,25.0992
2591A,市环境监测站,黔东南州,107.9783,26.5747
2592A,马坡井小学,黔东南州,,
2593A,小围寨,黔南州,107.5228,26.2403
2594A,市环境监测站,保山,99.1678,25.1081
2595A,市环保局,保山,99.1711,25.1328
2596A,监测站,昭通,103.7032,27.3392
2597A,环保局,昭通,103.7225,27.3361
2598A,西南郊,丽江,100.2143,26.8576
2599A,丽江古城,丽江,100.2497,26.8802
2600A,市中心,丽江,100.2203,26.8906
2601A,市环保局,普洱,100.98,22.7633
2602A,普洱第二中学,普洱,100.9817,22.8322
2603A,市环保局,临沧,100.0869,23.8822
2604A,市气象局,临沧,100.0782,23.8982
2605A,州环境监测站,楚雄州,101.5482,25.0441
2606A,市经济开发区,楚雄州,101.538,25.0492
2607A,雨过铺,红河州,103.3113,23.4626
2608A,污水处理厂,红河州,103.3772,23.3993
2609A,监测站,红河州,103.386,23.4168
2610A,州水务局,文山州,104.2533,23.3594
2611A,市便民服务中心,文山州,104.2319,23.3892
2612A,景洪市江南,西双版纳州,100.7939,22.0019
2613A,景洪市江北,西双版纳州,100.8017,22.0225
2614A,大理市环境监测站,大理州,100.1542,25.7054
2615A,大理古城,大理州,100.2171,25.5811
2616A,德宏州监测站,德宏州,98.5842,24.428
2617A,芒市建设局,德宏州,98.578,24.441
2618A,州监测站,怒江州,98.8601,25.8567
2619A,泸水一中,怒江州,98.8546,25.8417
2620A,古城,迪庆州,99.7064,27.8136
2621A,迪庆州站,迪庆州,99.7056,27.8317
2622A,昌都监测站,昌都地区,97.1804,31.1278
2623A,昌都地区昌都坝,昌都地区,97.1809,31.1254
2624A,山南监测站,山南地区,91.7608,29.2313
2625A,山南人民医院,山南地区,91.7706,29.261
2626A,日喀则监测站,日喀则地区,88.8876,29.2718
2627A,日喀则鸿达公司,日喀则地区,88.8931,29.2365
2628A,那曲监测站,那曲地区,92.0657,31.4846
2629A,那曲嘉兴医院,那曲地区,92.0505,31.4733
2630A,阿里监测站,阿里地区,80.1161,32.5
2631A,阿里地委,阿里地区,80.0895,32.5039
2632A,林芝监测站,林芝地区,94.3681,29.6376
2633A,林芝人民医院,林芝地区,94.3616,29.6632
2634A,汉川机床厂子校,汉中,106.9893,33.1842
2635A,市监测站,汉中,107.0154,33.0706
2636A,鑫源开发区,汉中,107.0089,33.1138
2637A,南郑大河坎水厂,汉中,107.007,33.0323
2638A,红石峡森林公园　,榆林,109.7414,38.3344
2639A,世纪广场　,榆林,109.7456,38.2911
2640A,实验中学,榆林,109.7289,38.2839
2641A,环保监测大楼　,榆林,109.7336,38.2478
2642A,香溪洞,安康,109.0311,32.6778
2643A,安康市监测站,安康,109.0281,32.6939
2644A,汉滨区检察院,安康,109.0072,32.6975
2645A,监测站,商洛,109.9154,33.8715
2646A,东龙山气象局,商洛,109.966,33.8509
2647A,豫源饭店,白银,104.1731,36.5458
2648A,动力公司,白银,104.1731,36.5481
2649A,仙人崖,天水,106.005,34.3469
2650A,进步巷,天水,105.7281,34.5814
2651A,文化馆,天水,105.8614,34.5653
2652A,监测站,武威,102.6219,37.9311
2653A,雷台,武威,102.6469,37.9358
2654A,监测站,张掖,100.4686,38.9467
2655A,科委,张掖,100.4497,38.9389
2656A,监测站,平凉,106.6692,35.5461
2657A,博物馆,平凉,106.7039,35.5294
2658A,仓门街子站,酒泉,98.509,39.746
2659A,富康家世界子站,酒泉,98.5023,39.7294
2660A,区环保局,庆阳,107.6831,35.7289
2661A,粮贸总公司,庆阳,107.6406,35.5236
2662A,市环保局,庆阳,107.6364,35.7067
2663A,监测站（原粮食局）,定西,104.6228,35.5714
2664A,南峰招待所（原起重机厂）,定西,104.6169,35.5975
2665A,汉王镇固水子,陇南,105.0822,33.3261
2666A,市林业局,陇南,,
2667A,环保局,临夏州,103.2139,35.6039
2668A,州委党校,临夏州,103.2064,35.5997
2669A,监测站,甘南州,102.905,35.0003
2670A,平安县,海东地区,102.1086,36.4997
2671A,海晏县西海镇,海北州,100.9048,36.9639
2672A,同仁县隆务镇,黄南州,102.0199,35.5102
2673A,共和县恰卜恰镇,海南州,100.6188,36.2866
2674A,玛沁县大武镇,果洛州,100.2561,34.4714
2675A,玉树县结古镇,玉树州,97,33.0014
2676A,德令哈市,海西州,97.3731,37.3753
2677A,教育园区,吴忠,106.1532,37.9648
2678A,高级中学,吴忠,106.2025,37.9844
2679A,新区二泵站,吴忠,106.196,37.9723
2680A,沙坡头消防站,中卫,105.0197,37.4514
2681A,官桥站,中卫,105.18,37.0172
2682A,环保局站,中卫,105.1971,37.5002
2683A,马园,固原,106.2319,36.1417
2684A,监测站,固原,106.2792,36.0022
2685A,新区,固原,106.2375,36.0211
2686A,市环保局,吐鲁番地区,89.191,42.9409
2687A,地区环保局,吐鲁番地区,89.1673,42.9559
2688A,地区监测站,哈密地区,93.5128,42.8172
2689A,哈密师范学校,哈密地区,93.4961,42.8328
2690A,天山天池,昌吉州,87.9897,44.1564
2691A,州监测站,昌吉州,87.2997,44.0114
2692A,新区政务中心,昌吉州,87.2717,44.0297
2693A,博乐市西郊区,博州,82.0485,44.9079
2694A,市环保局,博州,82.0806,44.8969
2695A,电视台,阿克苏地区,80.2828,41.1636
2696A,艺术中心,阿克苏地区,80.2956,41.1933
2697A,市人民政府,克州,76.1861,39.7153
2698A,巡警大队,喀什地区,75.9828,39.5371
2699A,吾办,喀什地区,75.9771,39.4699
2700A,市环境监测站,喀什地区,75.9435,39.4365
2701A,地区站,和田地区,79.9485,37.1152
2702A,古江巴格乡院内,和田地区,79.9117,37.1013
2703A,市环保局,伊犁哈萨克州,81.2815,43.9404
2704A,新政府片区,伊犁哈萨克州,81.2867,43.895
2705A,第二水厂,伊犁哈萨克州,81.3364,43.941
2706A,东门外小游园,塔城地区,82.9994,46.7432
2707A,小东沟,阿勒泰地区,88.1214,47.9047
2708A,市站,阿勒泰地区,88.1267,47.8515
2709A,艾青诗歌馆,石河子,86.0497,44.2967
2710A,阳光学校,石河子,86.0697,44.3075
2711A,农水大厦,五家渠,87.5475,44.1756
2835A,四十中小,攀枝花,101.7227,26.5670
2842A,湖里中学,厦门,118.0936,24.5058
2845A,德盛苑,长治,113.1569,36.1912
2846A,体育西,广州,113.3208,23.1323
2858A,河西一经路,天津,117.7918,39.2474
2859A,津沽路,天津,117.3747,38.9846
2860A,宾水西道,天津,117.1589,39.0845
2862A,22中南校区,石家庄,114.5480556,38.03777778
2865A,榆次三中,晋中,112.7194444,37.68277778
2866A,外滩首府,运城,111.0522222,35.04388889
2867A,马茂庄小学,吕梁,111.1283333,37.51
2868A,九站,吉林,126.4738889,43.95305556
2869A,五台山医院,扬州,119.4580,32.41361
2870A,市疾控中心,镇江,119.4369444,32.18888889
2871A,万里国际学校,宁波,121.6147222,29.90166667
2872A,南湖区残联,嘉兴,120.7844444,30.7525
2873A,仁皇山新区,湖州,120.0875,30.89556
2874A,益益乳业工业园,淮南,117.0411667,32.64600333
2875A,阜阳职业技术学院,阜阳,115.7838889,32.88922222
2876A,幼特教师范,潍坊,119.0841,36.7339
2877A,坊子邮政,潍坊,119.1638,36.6525
2878A,聊大东校,聊城,116.0072,36.4343
2880A,大石西路,成都,104.0238889,30.65638889
2881A,凯里学院,黔东南州,107.8908333,26.53111111
2882A,玉溪一中,玉溪,102.5389,24.3702
2883A,文体中心,玉溪,102.5381,24.339
2884A,酒钢宾馆,嘉峪关,98.26722222,39.79777778
2885A,滨江中学,陇南,104.9338889,33.38256667
2897A,沈辽西路,沈阳,123.2444,41.7347
2900A,裕农路,沈阳,123.5953,41.9086
2902A,北辰小学,广安,106.6351,30.4865
2907A,吴兴区,湖州,120.1844,30.8596
2914A,苏山坪,巴中,106.7513889,31.87888889
2915A,职业中学,巴中,106.7619444,31.85805556
2916A,老干部局,池州,117.49,30.66
2919A,河北工业大学,廊坊,116.7022,39.5453
2920A,蓝田镇,漳州,117.7116,24.5060
2921A,树下王站,绍兴,120.7789,30.0033
2922A,大理道,天津,117.1941,39.1067
2923A,供排水公司,大同,113.2803,40.1114
2924A,水乡路(直管站),银川,106.2275,38.44139
2925A,上海东路,银川,106.2739,38.4841
2926A,文昌北街,银川,106.1024,38.49494
2929A,红卫路,黄冈,114.8858,30.4519
2994A,武警支队,金华,119.6533,29.1128
2996A,市供电局,宿迁,118.2830,33.9650
2997A,王营,泰州,119.8767,32.3292
3000A,德源药业(直管站),连云港,119.3581,34.6972
3002A,行政中心,常州,119.9736,31.8108
3003A,经开区,常州,120.0469,31.7694
3004A,宝龙广场,盐城,120.1631,33.3681
3005A,鼓楼区政府,徐州,117.1814,34.29
3006A,铜山区招生办,徐州,117.1694,34.1781
3008A,胡沟管理处,连云港,119.3608,34.7519
3009A,矿山设计院,连云港,119.1478,34.5911
3010A,钟楼,常州,119.8914,31.7897
3012A,西山林语(启用161103),荆门,112.1908,31.03389
3014A,歇台子,重庆,106.4959,29.53675
3015A,龙井湾,重庆,106.4042,29.57278
3016A,龙洲湾,重庆,106.5506,29.41569
3018A,唐尧大酒店,临汾,111.505,36.10139
3019A,西沙,三沙,,
3020A,中山北路,天津,117.2099,39.16969
3021A,濮水河管理处,濮阳,115.0061,35.76806
3022A,凯旋路小学,洛阳,112.4433,34.6686
3025A,技师学院,清远,113.0472,23.63444
3026A,市政府,潮州,116.6183,23.65889
3027A,青杠林路,自贡,104.7228,29.33972
3028A,檀木林体育馆,自贡,104.7778,29.36028
3033A,培训基地,乌鲁木齐,87.4651,43.4569
3034A,光明街小学,乌兰察布,113.1076,41.0385
3035A,北滨河,兴安盟,122.0931,46.0707
3036A,开发区管委会,东营,118.696,37.43445
3038A,州图书馆,红河州,103.3758,23.3682
3039A,第一小学,三门峡,111.19,34.7822
3045A,商州区中学,商洛,109.9643,33.8471
3046A,机电学校,南昌,115.9083,28.6064
3048A,九龙,福州,119.5800,26.0931
3051A,西四道,天津,117.3916,39.1495
3054A,市委党校,新乡,113.5922,35.28385
3055A,城北区政府,西宁,101.7775,36.6428
3057A,牟平检察院,烟台,121.5992,37.4014
3058A,银河街,赤峰,119.2654,42.0352
3059A,泰兴公司,莱芜,117.7181,36.2092
3061A,国华电力东,呼伦贝尔,119.7512,49.1577
3064A,莱芜战役纪念馆,莱芜,117.6983,36.2211
3065A,州环保局,甘孜藏族自治州,101.9533,29.9972
3066A,九衢泉纯净水厂,德州,116.2714,37.4372
3122A,伍家关(对照点),安顺,105.9606,26.2611
3123A,凤凰山,安顺,105.9408,26.2431
3124A,金钟山,安顺,105.9439,26.2564
3125A,娄家坡,安顺,105.8983,26.2481
3128A,那曲会议中心,那曲地区,92.0506,31.4797
3129A,平安高铁新区,海东地区,102.0306,36.5067
3131A,烟厂,张家口,114.8792,40.7903
3132A,文明里(启用171012),秦皇岛,119.5967,37.0308
3133A,上清寺,重庆,106.5469,29.565
3134A,市一中,许昌,113.8172,34.0339
3136A,龙泉驿区区政府,成都,104.2725,30.5589
3137A,市委党校,眉山,103.8578,30.0744
3138A,武陵区永安(启用171130),常德,111.7153,29.0289
3139A,鼎城区玉霞(启用171130),常德,111.6892,28.9881
3140A,武陵区长庚,常德,111.6625,29.0531
3141A,信访局,安阳,114.3922,36.0878
3147A,龙亭公园,开封,114.3442,34.8097
3148A,区人社局,眉山,103.8286,30.0561
3149A,笔架山北路,黄石,115.0158,30.1594
